pos,driver,nationality,car,pts,year,code,driver_id
1,Nino  Farina ,ITA,Alfa Romeo,30.0,1950,FAR,1
2,Juan Manuel  Fangio ,ARG,Alfa Romeo,27.0,1950,FAN,2
3,Luigi  Fagioli ,ITA,Alfa Romeo,24.0,1950,FAG,3
4,Louis Rosier ,FRA,Talbot-Lago,13.0,1950,ROS,4
5,Alberto  Ascari ,ITA,Ferrari,11.0,1950,ASC,5
6,Johnnie Parsons ,USA,Kurtis Kraft Offenhauser,9.0,1950,PAR,6
7,Bill  Holland ,USA,Deidt Offenhauser,6.0,1950,HOL,7
8,Prince  Bira ,THA,Maserati,5.0,1950,BIR,8
9,Reg Parnell ,GBR,Maserati,4.0,1950,PAR,9
9,Louis Chiron ,MON,Maserati,4.0,1950,CHI,10
9,Mauri Rose ,USA,Deidt Offenhauser,4.0,1950,ROS,11
9,Peter Whitehead ,GBR,Ferrari,4.0,1950,WHI,12
13,Yves Giraud  Cabantous ,FRA,Talbot-Lago,3.0,1950,CAB,13
13,Raymond Sommer ,FRA,Talbot-Lago,3.0,1950,SOM,14
13,Cecil Green ,USA,Kurtis Kraft Offenhauser,3.0,1950,GRE,15
13,Robert Manzon ,FRA,Simca-Gordini,3.0,1950,MAN,16
13,Dorino Serafini ,ITA,Ferrari,3.0,1950,SER,17
13,Philippe Etancelin ,FRA,Philippe Ã‰tancelin,3.0,1950,ETA,18
19,Felice Bonetto ,ITA,Maserati Milano,2.0,1950,BON,19
20,Tony Bettenhausen ,USA,Deidt Offenhauser,1.0,1950,BET,20
20,Joie Chitwood ,USA,Kurtis Kraft Offenhauser,1.0,1950,CHI,21
20,Eugene Chaboud ,FRA,Ecurie Lutetia,1.0,1950,CHA,22
1,Juan Manuel  Fangio ,ARG,Alfa Romeo,31.0,1951,FAN,2
2,Alberto  Ascari ,ITA,Ferrari,25.0,1951,ASC,5
3,Jose Froilan  Gonzalez ,ARG,Ferrari,24.0,1951,GON,23
4,Nino  Farina ,ITA,Alfa Romeo,19.0,1951,FAR,1
5,Luigi Villoresi ,ITA,Ferrari,15.0,1951,VIL,24
6,Piero Taruffi ,ITA,Ferrari,10.0,1951,TAR,25
7,Lee  Wallard ,USA,Kurtis Kraft Offenhauser,9.0,1951,WAL,26
8,Felice Bonetto ,ITA,Alfa Romeo,7.0,1951,BON,19
9,Mike  Nazaruk ,USA,Kurtis Kraft Offenhauser,6.0,1951,NAZ,27
10,Reg Parnell ,GBR,BRM,5.0,1951,PAR,9
11,Luigi  Fagioli ,ITA,Alfa Romeo,4.0,1951,FAG,3
12,Consalvo Sanesi ,ITA,Alfa Romeo,3.0,1951,SAN,28
12,Andy  Linden ,USA,Sherman Offenhauser,3.0,1951,LIN,29
12,Louis Rosier ,FRA,Ecurie Rosier,3.0,1951,ROS,4
15,Toulo  de Graffenried ,SUI,Alfa Romeo,2.0,1951,DEG,30
15,Manny  Ayulo ,USA,Kurtis Kraft Offenhauser,2.0,1951,AYU,31
15,Bobby  Ball ,USA,Schroeder Offenhauser,2.0,1951,BAL,32
15,Jack  McGrath ,USA,Kurtis Kraft Offenhauser,2.0,1951,MCG,33
15,Yves Giraud  Cabantous ,FRA,Talbot-Lago,2.0,1951,CAB,13
1,Alberto  Ascari ,ITA,Ferrari,36.0,1952,ASC,5
2,Nino  Farina ,ITA,Ferrari,24.0,1952,FAR,1
3,Piero Taruffi ,ITA,Ferrari,22.0,1952,TAR,25
4,Rudi Fischer,SUI,Ferrari,10.0,1952,FIS,34
4,Mike  Hawthorn ,GBR,Cooper Bristol,10.0,1952,HAW,35
6,Robert Manzon ,FRA,Gordini,9.0,1952,MAN,16
7,Troy  Ruttman ,USA,Kuzma Offenhauser,8.0,1952,RUT,36
7,Luigi Villoresi ,ITA,Ferrari,8.0,1952,VIL,24
9,Jose Froilan  Gonzalez ,ARG,Maserati,6.5,1952,GON,23
10,Jim  Rathmann ,USA,Kurtis Kraft Offenhauser,6.0,1952,RAT,37
10,Jean  Behra ,FRA,Gordini,6.0,1952,BEH,38
12,Sam  Hanks ,USA,Kurtis Kraft Offenhauser,4.0,1952,HAN,39
13,Ken Wharton ,GBR,Scuderia Franera,3.0,1952,WHA,40
13,Duane  Carter ,USA,Lesovsky Offenhauser,3.0,1952,CAR,41
13,Dennis  Poore ,GBR,Connaught Lea Francis,3.0,1952,POO,42
16,Alan  Brown ,GBR,Cooper Bristol,2.0,1952,BRO,43
16,Art  Cross ,USA,Kurtis Kraft Offenhauser,2.0,1952,CRO,44
16,Paul  Frere ,BEL,Simca-Gordini,2.0,1952,FRE,45
16,Maurice Trintignant ,FRA,Gordini,2.0,1952,TRI,46
16,Eric  Thompson ,GBR,Connaught Lea Francis,2.0,1952,THO,47
16,Felice Bonetto ,ITA,Maserati,2.0,1952,BON,19
22,Bill Vukovich,USA,Kurtis Kraft Offenhauser,1.0,1952,VUK,48
1,Alberto  Ascari ,ITA,Ferrari,34.5,1953,ASC,5
2,Juan Manuel  Fangio ,ARG,Maserati,27.5,1953,FAN,2
3,Nino  Farina ,ITA,Ferrari,26.0,1953,FAR,1
4,Mike  Hawthorn ,GBR,Ferrari,19.0,1953,HAW,35
5,Luigi Villoresi ,ITA,Ferrari,17.0,1953,VIL,24
6,Jose Froilan  Gonzalez ,ARG,Maserati,13.5,1953,GON,23
7,Bill Vukovich,USA,Kurtis Kraft Offenhauser,9.0,1953,VUK,48
8,Toulo  de Graffenried ,SUI,Maserati,7.0,1953,DEG,30
9,Felice Bonetto ,ITA,Maserati,6.5,1953,BON,19
10,Art  Cross ,USA,Kurtis Kraft Offenhauser,6.0,1953,CRO,44
11,Onofre  Marimon ,ARG,Maserati,4.0,1953,MAR,49
11,Maurice Trintignant ,FRA,Gordini,4.0,1953,TRI,46
13,Oscar Alfredo  Galvez ,ARG,Maserati,2.0,1953,GAL,50
13,Sam  Hanks ,USA,Kurtis Kraft Offenhauser,2.0,1953,HAN,39
13,Duane  Carter ,USA,Kurtis Kraft Offenhauser,2.0,1953,CAR,41
13,Jack  McGrath ,USA,Kurtis Kraft Offenhauser,2.0,1953,MCG,33
13,Hermann  Lang ,GER,Maserati,2.0,1953,LAN,51
18,Fred  Agabashian ,USA,Kurtis Kraft Offenhauser,1.5,1953,AGA,52
18,Paul  Russo ,USA,Kurtis Kraft Offenhauser,1.5,1953,RUS,53
1,Juan Manuel  Fangio ,ARG,Mercedes-Benz,42.0,1954,FAN,2
2,Jose Froilan  Gonzalez ,ARG,Ferrari,25.1,1954,GON,23
3,Mike  Hawthorn ,GBR,Ferrari,24.6,1954,HAW,35
4,Maurice Trintignant ,FRA,Ferrari,17.0,1954,TRI,46
5,Karl  Kling ,GER,Mercedes-Benz,12.0,1954,KLI,54
6,Bill Vukovich,USA,Kurtis Kraft Offenhauser,8.0,1954,VUK,48
6,Hans Herrmann ,GER,Mercedes-Benz,8.0,1954,HER,55
8,Nino  Farina ,ITA,Ferrari,6.0,1954,FAR,1
8,Jimmy  Bryan ,USA,Kuzma Offenhauser,6.0,1954,BRY,56
8,Luigi  Musso ,ITA,Maserati,6.0,1954,MUS,57
8,Roberto  Mieres ,ARG,Maserati,6.0,1954,MIE,58
12,Jack  McGrath ,USA,Kurtis Kraft Offenhauser,5.0,1954,MCG,33
13,Stirling  Moss ,GBR,Maserati,4.1,1954,MOS,59
13,Onofre  Marimon ,ARG,Maserati,4.1,1954,MAR,49
15,Robert Manzon ,FRA,Ferrari,4.0,1954,MAN,16
15,Sergio  Mantovani ,ITA,Maserati,4.0,1954,MAN,60
17,Prince  Bira ,THA,Maserati,3.0,1954,BIR,8
18,Elie  Bayol ,FRA,Gordini,2.0,1954,BAY,61
18,Mike  Nazaruk ,USA,Kurtis Kraft Offenhauser,2.0,1954,NAZ,27
18,Andre  Pilette ,BEL,Gordini,2.0,1954,PIL,62
18,Luigi Villoresi ,ITA,Lancia,2.0,1954,VIL,24
18,Umberto Maglioli ,ITA,Ferrari,2.0,1954,MAG,63
23,Troy  Ruttman ,USA,Kurtis Kraft Offenhauser,1.5,1954,RUT,36
23,Duane  Carter ,USA,Kurtis Kraft Offenhauser,1.5,1954,CAR,41
25,Alberto  Ascari ,ITA,Lancia,1.1,1954,ASC,5
26,Jean  Behra ,FRA,Gordini,0.1,1954,BEH,38
1,Juan Manuel  Fangio ,ARG,Mercedes-Benz,40.0,1955,FAN,2
2,Stirling  Moss ,GBR,Mercedes-Benz,23.0,1955,MOS,59
3,Eugenio  Castellotti ,ITA,Ferrari,12.0,1955,CAS,64
4,Maurice Trintignant ,FRA,Ferrari,11.3,1955,TRI,46
5,Nino  Farina ,ITA,Ferrari,10.3,1955,FAR,1
6,Piero Taruffi ,ITA,Mercedes-Benz,9.0,1955,TAR,25
7,Bob  Sweikert ,USA,Kurtis Kraft Offenhauser,8.0,1955,SWE,65
8,Roberto  Mieres ,ARG,Maserati,7.0,1955,MIE,58
9,Luigi  Musso ,ITA,Maserati,6.0,1955,MUS,57
9,Jean  Behra ,FRA,Maserati,6.0,1955,BEH,38
11,Karl  Kling ,GER,Mercedes-Benz,5.0,1955,KLI,54
12,Jimmy  Davies ,USA,Kurtis Kraft Offenhauser,4.0,1955,DAV,66
13,Paul  Russo ,USA,Kurtis Kraft Offenhauser,3.0,1955,RUS,53
13,Tony Bettenhausen ,USA,Kurtis Kraft Offenhauser,3.0,1955,BET,20
13,Johnny  Thomson ,USA,Kuzma Offenhauser,3.0,1955,THO,67
13,Paul  Frere ,BEL,Ferrari,3.0,1955,FRE,45
17,Jose Froilan  Gonzalez ,ARG,Ferrari,2.0,1955,GON,23
17,Cesare  Perdisa ,ITA,Maserati,2.0,1955,PER,68
17,Luigi Villoresi ,ITA,Lancia,2.0,1955,VIL,24
17,Carlos  Menditeguy ,ARG,Maserati,2.0,1955,MEN,69
21,Umberto Maglioli ,ITA,Ferrari,1.3,1955,MAG,63
22,Hans Herrmann ,GER,Mercedes-Benz,1.0,1955,HER,55
22,Walt Faulkner ,USA,Kurtis Kraft Offenhauser,1.0,1955,FAU,70
22,Bill  Homeier ,USA,Kurtis Kraft Offenhauser,1.0,1955,HOM,71
22,Bill Vukovich,USA,Kurtis Kraft Offenhauser,1.0,1955,VUK,48
1,Juan Manuel  Fangio ,ARG,Ferrari,30.0,1956,FAN,2
2,Stirling  Moss ,GBR,Maserati,27.0,1956,MOS,59
3,Peter  Collins ,GBR,Ferrari,25.0,1956,COL,72
4,Jean  Behra ,FRA,Maserati,22.0,1956,BEH,38
5,Pat  Flaherty ,USA,Watson Offenhauser,8.0,1956,FLA,73
6,Eugenio  Castellotti ,ITA,Ferrari,7.5,1956,CAS,64
7,Sam  Hanks ,USA,Kurtis Kraft Offenhauser,6.0,1956,HAN,39
7,Paul  Frere ,BEL,Ferrari,6.0,1956,FRE,45
7,Paco Godia ,ESP,Maserati,6.0,1956,GOD,74
10,Jack Fairman ,GBR,Connaught Alta,5.0,1956,FAI,75
11,Mike  Hawthorn ,GBR,BRM,4.0,1956,HAW,35
11,Luigi  Musso ,ITA,Ferrari,4.0,1956,MUS,57
11,Don Freeland ,USA,Phillips Offenhauser,4.0,1956,FRE,76
11,Ron  Flockhart ,GBR,Connaught Alta,4.0,1956,FLO,77
15,Johnnie Parsons ,USA,Kuzma Offenhauser,3.0,1956,PAR,6
15,Harry  Schell ,USA,Vanwall,3.0,1956,SCH,78
15,Alfonso  de Portago,ESP,Ferrari,3.0,1956,DEP,79
15,Cesare  Perdisa ,ITA,Maserati,3.0,1956,PER,68
19,Olivier Gendebien ,BEL,Ferrari,2.0,1956,GEN,80
19,Hermano  da Silva Ramos ,BRA,Gordini,2.0,1956,DAS,81
19,Dick  Rathmann ,USA,Kurtis Kraft Offenhauser,2.0,1956,RAT,82
19,Luigi Villoresi ,ITA,Maserati,2.0,1956,VIL,24
19,Horace Gould,GBR,Maserati,2.0,1956,GOU,83
19,Louis Rosier ,FRA,Maserati,2.0,1956,ROS,4
25,Gerino Gerini,ITA,Maserati,1.5,1956,GER,84
25,Chico  Landi ,BRA,Maserati,1.5,1956,LAN,85
27,Paul  Russo ,USA,Kurtis Kraft Novi,1.0,1956,RUS,53
1,Juan Manuel  Fangio ,ARG,Maserati,40.0,1957,FAN,2
2,Stirling  Moss ,GBR,Vanwall,25.0,1957,MOS,59
3,Luigi  Musso ,ITA,Ferrari,16.0,1957,MUS,57
4,Mike  Hawthorn ,GBR,Ferrari,13.0,1957,HAW,35
5,Tony  Brooks ,GBR,Vanwall,11.0,1957,BRO,86
6,Masten  Gregory ,USA,Maserati,10.0,1957,GRE,87
6,Harry  Schell ,USA,Maserati,10.0,1957,SCH,78
8,Sam  Hanks ,USA,Epperly Offenhauser,8.0,1957,HAN,39
8,Peter  Collins ,GBR,Ferrari,8.0,1957,COL,72
10,Jim  Rathmann ,USA,Epperly Offenhauser,7.0,1957,RAT,37
11,Jean  Behra ,FRA,Maserati,6.0,1957,BEH,38
12,Stuart Lewis-Evans,GBR,Vanwall,5.0,1957,LEW,88
12,Maurice Trintignant ,FRA,Ferrari,5.0,1957,TRI,46
14,Carlos  Menditeguy ,ARG,Maserati,4.0,1957,MEN,69
14,Jimmy  Bryan ,USA,Kuzma Offenhauser,4.0,1957,BRY,56
14,Wolfgang  von Trips ,GER,Ferrari,4.0,1957,VON,89
17,Paul  Russo ,USA,Kurtis Kraft Novi,3.0,1957,RUS,53
18,Andy  Linden ,USA,Kurtis Kraft Offenhauser,2.0,1957,LIN,29
18,Roy  Salvadori ,GBR,Cooper Climax,2.0,1957,SAL,90
20,Alfonso  de Portago,ESP,Ferrari,1.0,1957,DEP,79
20,Jose Froilan  Gonzalez ,ARG,Ferrari,1.0,1957,GON,23
20,Giorgio Scarlatti,ITA,Maserati,1.0,1957,SCA,91
1,Mike  Hawthorn ,GBR,Ferrari,42.0,1958,HAW,35
2,Stirling  Moss ,GBR,Vanwall,41.0,1958,MOS,59
3,Tony  Brooks ,GBR,Vanwall,24.0,1958,BRO,86
4,Roy  Salvadori ,GBR,Cooper Climax,15.0,1958,SAL,90
5,Peter  Collins ,GBR,Ferrari,14.0,1958,COL,72
5,Harry  Schell ,USA,BRM,14.0,1958,SCH,78
7,Maurice Trintignant ,FRA,Cooper Climax,12.0,1958,TRI,46
7,Luigi  Musso ,ITA,Ferrari,12.0,1958,MUS,57
9,Stuart Lewis-Evans,GBR,Vanwall,11.0,1958,LEW,88
10,Phil  Hill ,USA,Ferrari,9.0,1958,HIL,92
10,Jean  Behra ,FRA,BRM,9.0,1958,BEH,38
10,Wolfgang  von Trips ,GER,Ferrari,9.0,1958,VON,89
13,Jimmy  Bryan ,USA,Epperly Offenhauser,8.0,1958,BRY,56
14,Juan Manuel  Fangio ,ARG,Maserati,7.0,1958,FAN,2
15,George Amick ,USA,Epperly Offenhauser,6.0,1958,AMI,93
16,Tony Bettenhausen ,USA,Epperly Offenhauser,4.0,1958,BET,20
16,Johnny Boyd ,USA,Kurtis Kraft Offenhauser,4.0,1958,BOY,94
18,Jack  Brabham ,AUS,Cooper Climax,3.0,1958,BRA,95
18,Cliff  Allison ,GBR,Lotus Climax,3.0,1958,ALL,96
18,Jo  Bonnier ,SWE,BRM,3.0,1958,BON,97
21,Jim  Rathmann ,USA,Epperly Offenhauser,2.0,1958,RAT,37
1,Jack  Brabham ,AUS,Cooper Climax,31.0,1959,BRA,95
2,Tony  Brooks ,GBR,Ferrari,27.0,1959,BRO,86
3,Stirling  Moss ,GBR,Cooper Climax,25.5,1959,MOS,59
4,Phil  Hill ,USA,Ferrari,20.0,1959,HIL,92
5,Maurice Trintignant ,FRA,Cooper Climax,19.0,1959,TRI,46
6,Bruce  McLaren ,NZL,Cooper Climax,16.5,1959,MCL,98
7,Dan  Gurney ,USA,Ferrari,13.0,1959,GUR,99
8,Jo  Bonnier ,SWE,BRM,10.0,1959,BON,97
8,Masten  Gregory ,USA,Cooper Climax,10.0,1959,GRE,87
10,Rodger  Ward ,USA,Kurtis Kraft Offenhauser,8.0,1959,WAR,100
11,Jim  Rathmann ,USA,Watson Offenhauser,6.0,1959,RAT,37
12,Johnny  Thomson ,USA,Lesovsky Offenhauser,5.0,1959,THO,67
12,Innes  Ireland ,GBR,Lotus Climax,5.0,1959,IRE,101
12,Harry  Schell ,USA,Cooper Climax,5.0,1959,SCH,78
15,Tony Bettenhausen ,USA,Epperly Offenhauser,3.0,1959,BET,20
15,Olivier Gendebien ,BEL,Ferrari,3.0,1959,GEN,80
17,Paul  Goldsmith ,USA,Epperly Offenhauser,2.0,1959,GOL,102
17,Jean  Behra ,FRA,Ferrari,2.0,1959,BEH,38
17,Cliff  Allison ,GBR,Ferrari,2.0,1959,ALL,96
1,Jack  Brabham ,AUS,Cooper Climax,43.0,1960,BRA,95
2,Bruce  McLaren ,NZL,Cooper Climax,34.0,1960,MCL,98
3,Stirling  Moss ,GBR,Lotus Climax,19.0,1960,MOS,59
4,Innes  Ireland ,GBR,Lotus Climax,18.0,1960,IRE,101
5,Phil  Hill ,USA,Cooper Climax,16.0,1960,HIL,92
6,Olivier Gendebien ,BEL,Cooper Climax,10.0,1960,GEN,80
6,Wolfgang  von Trips ,GER,Cooper Maserati,10.0,1960,VON,89
8,Jim  Rathmann ,USA,Watson Offenhauser,8.0,1960,RAT,37
8,Richie  Ginther ,USA,Ferrari,8.0,1960,GIN,103
8,Jim  Clark ,GBR,Lotus Climax,8.0,1960,CLA,104
11,Tony  Brooks ,GBR,Cooper Climax,7.0,1960,BRO,86
12,Cliff  Allison ,GBR,Ferrari,6.0,1960,ALL,96
12,Rodger  Ward ,USA,Watson Offenhauser,6.0,1960,WAR,100
12,John  Surtees ,GBR,Lotus Climax,6.0,1960,SUR,105
15,Paul  Goldsmith ,USA,Epperly Offenhauser,4.0,1960,GOL,102
15,Graham  Hill ,GBR,BRM,4.0,1960,HIL,106
15,Willy  Mairesse ,BEL,Ferrari,4.0,1960,MAI,107
15,Jo  Bonnier ,SWE,BRM,4.0,1960,BON,97
19,Carlos  Menditeguy ,ARG,Cooper Maserati,3.0,1960,MEN,69
19,Don Branson ,USA,Phillips Offenhauser,3.0,1960,BRA,108
19,Henry  Taylor ,GBR,Cooper Climax,3.0,1960,TAY,109
19,Giulio  Cabianca ,ITA,Cooper Castellotti,3.0,1960,CAB,110
23,Johnny  Thomson ,USA,Lesovsky Offenhauser,2.0,1960,THO,67
24,Eddie  Johnson ,USA,Trevis Offenhauser,1.0,1960,JOH,111
24,Lucien  Bianchi ,BEL,Cooper Climax,1.0,1960,BIA,112
24,Ron  Flockhart ,GBR,Cooper Climax,1.0,1960,FLO,77
24,Hans Herrmann ,GER,Porsche,1.0,1960,HER,55
1,Phil  Hill ,USA,Ferrari,34.0,1961,HIL,92
2,Wolfgang  von Trips ,GER,Ferrari,33.0,1961,VON,89
3,Stirling  Moss ,GBR,Lotus Climax,21.0,1961,MOS,59
3,Dan  Gurney ,USA,Porsche,21.0,1961,GUR,99
5,Richie  Ginther ,USA,Ferrari,16.0,1961,GIN,103
6,Innes  Ireland ,GBR,Lotus Climax,12.0,1961,IRE,101
7,Jim  Clark ,GBR,Lotus Climax,11.0,1961,CLA,104
7,Bruce  McLaren ,NZL,Cooper Climax,11.0,1961,MCL,98
9,Giancarlo  Baghetti ,ITA,Ferrari,9.0,1961,BAG,113
10,Tony  Brooks ,GBR,BRM Climax,6.0,1961,BRO,86
11,Jack  Brabham ,AUS,Cooper Climax,4.0,1961,BRA,95
11,John  Surtees ,GBR,Cooper Climax,4.0,1961,SUR,105
13,Olivier Gendebien ,BEL,Lotus Climax,3.0,1961,GEN,80
13,Jackie Lewis,GBR,Cooper Climax,3.0,1961,LEW,114
13,Jo  Bonnier ,SWE,Porsche,3.0,1961,BON,97
13,Graham  Hill ,GBR,BRM Climax,3.0,1961,HIL,106
17,Roy  Salvadori ,GBR,Cooper Climax,2.0,1961,SAL,90
1,Graham  Hill ,GBR,BRM,42.0,1962,HIL,106
2,Jim  Clark ,GBR,Lotus Climax,30.0,1962,CLA,104
3,Bruce  McLaren ,NZL,Cooper Climax,27.0,1962,MCL,98
4,John  Surtees ,GBR,Lola Climax,19.0,1962,SUR,105
5,Dan  Gurney ,USA,Porsche,15.0,1962,GUR,99
6,Phil  Hill ,USA,Ferrari,14.0,1962,HIL,92
7,Tony  Maggs ,RSA,Cooper Climax,13.0,1962,MAG,115
8,Richie  Ginther ,USA,BRM,10.0,1962,GIN,103
9,Jack  Brabham ,AUS,Brabham Climax,9.0,1962,BRA,95
10,Trevor Taylor,GBR,Lotus Climax,6.0,1962,TAY,116
11,Giancarlo  Baghetti ,ITA,Ferrari,5.0,1962,BAG,113
12,Lorenzo  Bandini ,ITA,Ferrari,4.0,1962,BAN,117
12,Ricardo Rodriguez,MEX,Ferrari,4.0,1962,ROD,118
14,Willy  Mairesse ,BEL,Ferrari,3.0,1962,MAI,107
14,Jo  Bonnier ,SWE,Porsche,3.0,1962,BON,97
16,Innes  Ireland ,GBR,Lotus Climax,2.0,1962,IRE,101
16,Carel Godin  de Beaufort,NED,Porsche,2.0,1962,DEB,119
18,Masten  Gregory ,USA,Lotus BRM,1.0,1962,GRE,87
18,Neville  Lederle ,RSA,Lotus Climax,1.0,1962,LED,120
1,Jim  Clark ,GBR,Lotus Climax,54.0,1963,CLA,104
2,Graham  Hill ,GBR,BRM,29.0,1963,HIL,106
2,Richie  Ginther ,USA,BRM,29.0,1963,GIN,103
4,John  Surtees ,GBR,Ferrari,22.0,1963,SUR,105
5,Dan  Gurney ,USA,Brabham Climax,19.0,1963,GUR,99
6,Bruce  McLaren ,NZL,Cooper Climax,17.0,1963,MCL,98
7,Jack  Brabham ,AUS,Brabham Climax,14.0,1963,BRA,95
8,Tony  Maggs ,RSA,Cooper Climax,9.0,1963,MAG,115
9,Innes  Ireland ,GBR,BRP BRM,6.0,1963,IRE,101
9,Lorenzo  Bandini ,ITA,Ferrari,6.0,1963,BAN,117
9,Jo  Bonnier ,SWE,Cooper Climax,6.0,1963,BON,97
12,Gerhard  Mitter ,GER,Porsche,3.0,1963,MIT,121
12,Jim Hall,USA,Lotus BRM,3.0,1963,HAL,122
14,Carel Godin  de Beaufort,NED,Porsche,2.0,1963,DEB,119
15,Trevor Taylor,GBR,Lotus Climax,1.0,1963,TAY,116
15,Ludovico  Scarfiotti ,ITA,Ferrari,1.0,1963,SCA,123
15,Jo  Siffert ,SUI,Lotus BRM,1.0,1963,SIF,124
18,Willy  Mairesse ,BEL,Ferrari,0.0,1963,MAI,107
18,Maurice Trintignant ,FRA,BRM,0.0,1963,TRI,46
18,Tony Settember,USA,Scirocco BRM,0.0,1963,SET,125
18,Lucien  Bianchi ,BEL,Lola Climax,0.0,1963,BIA,112
18,Phil  Hill ,USA,ATS,0.0,1963,HIL,92
18,Giancarlo  Baghetti ,ITA,ATS,0.0,1963,BAG,113
18,Chris  Amon ,NZL,Lotus BRM,0.0,1963,AMO,126
18,Masten  Gregory ,USA,Reg Parnell Racing,0.0,1963,GRE,87
18,Bob  Anderson ,GBR,Lola Climax,0.0,1963,AND,127
18,Ian  Raby ,GBR,Gilby BRM,0.0,1963,RAB,128
18,John Campbell-Jones,GBR,Lola Climax,0.0,1963,CAM,129
18,Ian  Burgess,GBR,Scirocco BRM,0.0,1963,BUR,130
18,Mike  Hailwood ,GBR,Reg Parnell Racing,0.0,1963,HAI,131
18,Mario de Araujo Cabral,POR,Cooper Climax,0.0,1963,DEA,132
18,Bernard Collomb,FRA,Lotus Climax,0.0,1963,COL,133
18,Mike  Spence ,GBR,Lotus Climax,0.0,1963,SPE,134
18,Peter  Broeker,CAN,Stebro Ford,0.0,1963,BRO,135
18,Rodger  Ward ,USA,Lotus BRM,0.0,1963,WAR,100
18,Pedro  Rodriguez ,MEX,Lotus Climax,0.0,1963,ROD,136
18,Hap Sharp,USA,Lotus BRM,0.0,1963,SHA,137
18,Moises  Solana ,MEX,BRM,0.0,1963,SOL,138
18,Doug  Serrurier ,RSA,LDS Alfa Romeo,0.0,1963,SER,139
18,Trevor  Blokdyk ,RSA,Cooper Maserati,0.0,1963,BLO,140
18,Brausch  Niemann ,RSA,Lotus Ford,0.0,1963,NIE,141
18,John  Love ,RHO,Cooper Climax,0.0,1963,LOV,142
18,Ernie  Pieterse ,RSA,Lotus Climax,0.0,1963,PIE,143
18,Peter  de Klerk ,RSA,Alfa Romeo,0.0,1963,DEK,144
18,Sam  Tingle ,RHO,LDS Alfa Romeo,0.0,1963,TIN,145
18,David  Prophet ,GBR,Brabham Ford,0.0,1963,PRO,146
1,John  Surtees ,GBR,Ferrari,40.0,1964,SUR,105
2,Graham  Hill ,GBR,BRM,39.0,1964,HIL,106
3,Jim  Clark ,GBR,Lotus Climax,32.0,1964,CLA,104
4,Lorenzo  Bandini ,ITA,Ferrari,23.0,1964,BAN,117
4,Richie  Ginther ,USA,BRM,23.0,1964,GIN,103
6,Dan  Gurney ,USA,Brabham Climax,19.0,1964,GUR,99
7,Bruce  McLaren ,NZL,Cooper Climax,13.0,1964,MCL,98
8,Peter Arundell,GBR,Lotus Climax,11.0,1964,ARU,147
8,Jack  Brabham ,AUS,Brabham Climax,11.0,1964,BRA,95
10,Jo  Siffert ,SUI,Brabham BRM,7.0,1964,SIF,124
11,Bob  Anderson ,GBR,Brabham Climax,5.0,1964,AND,127
12,Tony  Maggs ,RSA,BRM,4.0,1964,MAG,115
12,Mike  Spence ,GBR,Lotus Climax,4.0,1964,SPE,134
12,Innes  Ireland ,GBR,BRP BRM,4.0,1964,IRE,101
15,Jo  Bonnier ,SWE,Brabham Climax,3.0,1964,BON,97
16,Chris  Amon ,NZL,Lotus BRM,2.0,1964,AMO,126
16,Maurice Trintignant ,FRA,BRM,2.0,1964,TRI,46
16,Walt Hansgen ,USA,Lotus Climax,2.0,1964,HAN,148
19,Mike  Hailwood ,GBR,Lotus BRM,1.0,1964,HAI,131
19,Phil  Hill ,USA,Cooper Climax,1.0,1964,HIL,92
19,Trevor Taylor,GBR,BRP BRM,1.0,1964,TAY,116
19,Pedro  Rodriguez ,MEX,Ferrari,1.0,1964,ROD,136
1,Jim  Clark ,GBR,Lotus Climax,54.0,1965,CLA,104
2,Graham  Hill ,GBR,BRM,40.0,1965,HIL,106
3,Jackie  Stewart ,GBR,BRM,33.0,1965,STE,149
4,Dan  Gurney ,USA,Brabham Climax,25.0,1965,GUR,99
5,John  Surtees ,GBR,Ferrari,17.0,1965,SUR,105
6,Lorenzo  Bandini ,ITA,Ferrari,13.0,1965,BAN,117
7,Richie  Ginther ,USA,Honda,11.0,1965,GIN,103
8,Mike  Spence ,GBR,Lotus Climax,10.0,1965,SPE,134
8,Bruce  McLaren ,NZL,Cooper Climax,10.0,1965,MCL,98
10,Jack  Brabham ,AUS,Brabham Climax,9.0,1965,BRA,95
11,Denny  Hulme ,NZL,Brabham Climax,5.0,1965,HUL,150
11,Jo  Siffert ,SUI,Brabham BRM,5.0,1965,SIF,124
13,Jochen  Rindt ,AUT,Cooper Climax,4.0,1965,RIN,151
14,Pedro  Rodriguez ,MEX,Ferrari,2.0,1965,ROD,136
14,Ronnie  Bucknum ,USA,Honda,2.0,1965,BUC,152
14,Richard  Attwood ,GBR,Lotus BRM,2.0,1965,ATT,153
1,Jack  Brabham ,AUS,Brabham Repco,42.0,1966,BRA,95
2,John  Surtees ,GBR,Cooper Maserati,28.0,1966,SUR,105
3,Jochen  Rindt ,AUT,Cooper Maserati,22.0,1966,RIN,151
4,Denny  Hulme ,NZL,Brabham Repco,18.0,1966,HUL,150
5,Graham  Hill ,GBR,BRM,17.0,1966,HIL,106
6,Jim  Clark ,GBR,Lotus BRM,16.0,1966,CLA,104
7,Jackie  Stewart ,GBR,BRM,14.0,1966,STE,149
8,Mike Parkes,GBR,Ferrari,12.0,1966,PAR,154
8,Lorenzo  Bandini ,ITA,Ferrari,12.0,1966,BAN,117
10,Ludovico  Scarfiotti ,ITA,Ferrari,9.0,1966,SCA,123
11,Richie  Ginther ,USA,Honda,5.0,1966,GIN,103
12,Dan  Gurney ,USA,Eagle Climax,4.0,1966,GUR,99
12,Mike  Spence ,GBR,Lotus BRM,4.0,1966,SPE,134
14,Bob  Bondurant ,USA,Eagle Weslake,3.0,1966,BON,155
14,Jo  Siffert ,SUI,Cooper Maserati,3.0,1966,SIF,124
14,Bruce  McLaren ,NZL,McLaren Ford,3.0,1966,MCL,98
17,John Taylor,GBR,Brabham BRM,1.0,1966,TAY,156
17,Bob  Anderson ,GBR,Brabham Climax,1.0,1966,AND,127
17,Peter Arundell,GBR,Lotus BRM,1.0,1966,ARU,147
17,Jo  Bonnier ,SWE,Cooper Maserati,1.0,1966,BON,97
1,Denny  Hulme ,NZL,Brabham Repco,51.0,1967,HUL,150
2,Jack  Brabham ,AUS,Brabham Repco,46.0,1967,BRA,95
3,Jim  Clark ,GBR,Lotus Ford,41.0,1967,CLA,104
4,John  Surtees ,GBR,Honda,20.0,1967,SUR,105
4,Chris  Amon ,NZL,Ferrari,20.0,1967,AMO,126
6,Pedro  Rodriguez ,MEX,Cooper Maserati,15.0,1967,ROD,136
6,Graham  Hill ,GBR,Lotus Ford,15.0,1967,HIL,106
8,Dan  Gurney ,USA,Eagle Climax,13.0,1967,GUR,99
9,Jackie  Stewart ,GBR,BRM,10.0,1967,STE,149
10,Mike  Spence ,GBR,BRM,9.0,1967,SPE,134
11,John  Love ,RHO,Cooper Climax,6.0,1967,LOV,142
11,Jochen  Rindt ,AUT,Cooper Maserati,6.0,1967,RIN,151
11,Jo  Siffert ,SUI,Cooper Maserati,6.0,1967,SIF,124
14,Bruce  McLaren ,NZL,McLaren BRM,3.0,1967,MCL,98
14,Jo  Bonnier ,SWE,Cooper Maserati,3.0,1967,BON,97
16,Bob  Anderson ,GBR,Brabham Climax,2.0,1967,AND,127
16,Mike Parkes,GBR,Ferrari,2.0,1967,PAR,154
16,Chris Irwin ,GBR,BRM,2.0,1967,IRW,157
19,Ludovico  Scarfiotti ,ITA,Eagle Weslake,1.0,1967,SCA,123
19,Guy Ligier,FRA,Brabham Repco,1.0,1967,LIG,158
19,Jacky  Ickx ,BEL,Cooper Maserati,1.0,1967,ICK,159
1,Graham  Hill ,GBR,Lotus Ford,48.0,1968,HIL,106
2,Jackie  Stewart ,GBR,Matra Ford,36.0,1968,STE,149
3,Denny  Hulme ,NZL,McLaren Ford,33.0,1968,HUL,150
4,Jacky  Ickx ,BEL,Ferrari,27.0,1968,ICK,159
5,Bruce  McLaren ,NZL,McLaren Ford,22.0,1968,MCL,98
6,Pedro  Rodriguez ,MEX,BRM,18.0,1968,ROD,136
7,Jo  Siffert ,SUI,Lotus Ford,12.0,1968,SIF,124
7,John  Surtees ,GBR,Honda,12.0,1968,SUR,105
9,Jean-Pierre  Beltoise ,FRA,Matra,11.0,1968,BEL,160
10,Chris  Amon ,NZL,Ferrari,10.0,1968,AMO,126
11,Jim  Clark ,GBR,Lotus Ford,9.0,1968,CLA,104
12,Jochen  Rindt ,AUT,Brabham Repco,8.0,1968,RIN,151
13,Richard  Attwood ,GBR,BRM,6.0,1968,ATT,153
13,Johnny Servoz-Gavin,FRA,Matra Ford,6.0,1968,SER,161
13,Jackie  Oliver ,GBR,Lotus Ford,6.0,1968,OLI,162
13,Ludovico  Scarfiotti ,ITA,Cooper BRM,6.0,1968,SCA,123
17,Lucien  Bianchi ,BEL,Cooper BRM,5.0,1968,BIA,112
17,Vic Elford,GBR,Cooper BRM,5.0,1968,ELF,163
19,Brian Redman ,GBR,Cooper BRM,4.0,1968,RED,164
19,Piers Courage ,GBR,BRM,4.0,1968,COU,165
21,Dan  Gurney ,USA,McLaren Ford,3.0,1968,GUR,99
21,Jo  Bonnier ,SWE,Honda,3.0,1968,BON,97
23,Silvio Moser,SUI,Brabham Repco,2.0,1968,MOS,166
23,Jack  Brabham ,AUS,Brabham Repco,2.0,1968,BRA,95
1,Jackie  Stewart ,GBR,Matra Ford,63.0,1969,STE,149
2,Jacky  Ickx ,BEL,Brabham Ford,37.0,1969,ICK,159
3,Bruce  McLaren ,NZL,McLaren Ford,26.0,1969,MCL,98
4,Jochen  Rindt ,AUT,Lotus Ford,22.0,1969,RIN,151
5,Jean-Pierre  Beltoise ,FRA,Matra Ford,21.0,1969,BEL,160
6,Denny  Hulme ,NZL,McLaren Ford,20.0,1969,HUL,150
7,Graham  Hill ,GBR,Lotus Ford,19.0,1969,HIL,106
8,Piers Courage ,GBR,Brabham Ford,16.0,1969,COU,165
9,Jo  Siffert ,SUI,Lotus Ford,15.0,1969,SIF,124
10,Jack  Brabham ,AUS,Brabham Ford,14.0,1969,BRA,95
11,John  Surtees ,GBR,BRM,6.0,1969,SUR,105
12,Chris  Amon ,NZL,Ferrari,4.0,1969,AMO,126
13,Richard  Attwood ,GBR,Gold Leaf Team Lotus,3.0,1969,ATT,153
13,Vic Elford,GBR,McLaren Ford,3.0,1969,ELF,163
13,Pedro  Rodriguez ,MEX,Ferrari,3.0,1969,ROD,136
16,Johnny Servoz-Gavin,FRA,Matra Ford,1.0,1969,SER,161
16,Silvio Moser,SUI,Brabham Ford,1.0,1969,MOS,166
16,Jackie  Oliver ,GBR,BRM,1.0,1969,OLI,162
1,Jochen  Rindt ,AUT,Lotus Ford,45.0,1970,RIN,151
2,Jacky  Ickx ,BEL,Ferrari,40.0,1970,ICK,159
3,Clay  Regazzoni ,SUI,Ferrari,33.0,1970,REG,167
4,Denny  Hulme ,NZL,McLaren Ford,27.0,1970,HUL,150
5,Jack  Brabham ,AUS,Brabham Ford,25.0,1970,BRA,95
5,Jackie  Stewart ,GBR,Tyrrell Ford,25.0,1970,STE,149
7,Pedro  Rodriguez ,MEX,BRM,23.0,1970,ROD,136
7,Chris  Amon ,NZL,March Ford,23.0,1970,AMO,126
9,Jean-Pierre  Beltoise ,FRA,Matra,16.0,1970,BEL,160
10,Emerson  Fittipaldi ,BRA,Lotus Ford,12.0,1970,FIT,168
11,Rolf  Stommelen ,GER,Brabham Ford,10.0,1970,STO,169
12,Henri  Pescarolo ,FRA,Matra,8.0,1970,PES,170
13,Graham  Hill ,GBR,Lotus Ford,7.0,1970,HIL,106
14,Bruce  McLaren ,NZL,McLaren Ford,6.0,1970,MCL,98
15,Mario  Andretti ,USA,March Ford,4.0,1970,AND,171
15,Reine Wisell ,SWE,Lotus Ford,4.0,1970,WIS,172
17,Ignazio Giunti,ITA,Ferrari,3.0,1970,GIU,173
17,John  Surtees ,GBR,Surtees Ford,3.0,1970,SUR,105
19,John Miles ,GBR,Lotus Ford,2.0,1970,MIL,174
19,Johnny Servoz-Gavin,FRA,March Ford,2.0,1970,SER,161
19,Jackie  Oliver ,GBR,BRM,2.0,1970,OLI,162
22,Dan  Gurney ,USA,McLaren Ford,1.0,1970,GUR,99
22,Francois Cevert,FRA,March Ford,1.0,1970,CEV,175
22,Peter Gethin,GBR,McLaren Ford,1.0,1970,GET,176
22,Derek  Bell ,GBR,Surtees Ford,1.0,1970,BEL,177
1,Jackie  Stewart ,GBR,Tyrrell Ford,62.0,1971,STE,149
2,Ronnie  Peterson ,SWE,STP March Racing Team,33.0,1971,PET,178
3,Francois Cevert,FRA,Tyrrell Ford,26.0,1971,CEV,175
4,Jacky  Ickx ,BEL,Ferrari,19.0,1971,ICK,159
4,Jo  Siffert ,SUI,BRM,19.0,1971,SIF,124
6,Emerson  Fittipaldi ,BRA,Lotus Ford,16.0,1971,FIT,168
7,Clay  Regazzoni ,SUI,Ferrari,13.0,1971,REG,167
8,Mario  Andretti ,USA,Ferrari,12.0,1971,AND,171
9,Peter Gethin,GBR,BRM,9.0,1971,GET,176
9,Pedro  Rodriguez ,MEX,BRM,9.0,1971,ROD,136
9,Chris  Amon ,NZL,Matra,9.0,1971,AMO,126
9,Reine Wisell ,SWE,Lotus Ford,9.0,1971,WIS,172
9,Denny  Hulme ,NZL,McLaren Ford,9.0,1971,HUL,150
14,Tim Schenken ,AUS,Brabham Ford,5.0,1971,SCH,179
14,Howden Ganley,NZL,BRM,5.0,1971,GAN,180
16,Mark  Donohue ,USA,Penske-White Racing,4.0,1971,DON,181
16,Henri  Pescarolo ,FRA,Frank Williams Racing Cars/Williams,4.0,1971,PES,170
18,Mike  Hailwood ,GBR,Surtees Ford,3.0,1971,HAI,131
18,John  Surtees ,GBR,Surtees Ford,3.0,1971,SUR,105
18,Rolf  Stommelen ,GER,Surtees Ford,3.0,1971,STO,169
21,Graham  Hill ,GBR,Brabham Ford,2.0,1971,HIL,106
22,Jean-Pierre  Beltoise ,FRA,Matra,1.0,1971,BEL,160
1,Emerson  Fittipaldi ,BRA,Lotus Ford,61.0,1972,FIT,168
2,Jackie  Stewart ,GBR,Tyrrell Ford,45.0,1972,STE,149
3,Denny  Hulme ,NZL,McLaren Ford,39.0,1972,HUL,150
4,Jacky  Ickx ,BEL,Ferrari,27.0,1972,ICK,159
5,Peter Revson ,USA,McLaren Ford,23.0,1972,REV,182
6,Francois Cevert,FRA,Tyrrell Ford,15.0,1972,CEV,175
6,Clay  Regazzoni ,SUI,Ferrari,15.0,1972,REG,167
8,Mike  Hailwood ,GBR,Surtees Ford,13.0,1972,HAI,131
9,Ronnie  Peterson ,SWE,March Ford,12.0,1972,PET,178
9,Chris  Amon ,NZL,Matra,12.0,1972,AMO,126
11,Jean-Pierre  Beltoise ,FRA,BRM,9.0,1972,BEL,160
12,Mario  Andretti ,USA,Ferrari,4.0,1972,AND,171
12,Howden Ganley,NZL,BRM,4.0,1972,GAN,180
12,Brian Redman ,GBR,BRM,4.0,1972,RED,164
12,Graham  Hill ,GBR,Brabham Ford,4.0,1972,HIL,106
16,Andrea  de Adamich,ITA,Surtees Ford,3.0,1972,DEA,183
16,Carlos  Reutemann ,ARG,Brabham Ford,3.0,1972,REU,184
16,Carlos  Pace ,BRA,March Ford,3.0,1972,PAC,185
19,Tim Schenken ,AUS,Surtees Ford,2.0,1972,SCH,179
20,Arturo  Merzario ,ITA,Ferrari,1.0,1972,MER,186
20,Peter Gethin,GBR,BRM,1.0,1972,GET,176
1,Jackie  Stewart ,GBR,Tyrrell Ford,71.0,1973,STE,149
2,Emerson  Fittipaldi ,BRA,Lotus Ford,55.0,1973,FIT,168
3,Ronnie  Peterson ,SWE,Lotus Ford,52.0,1973,PET,178
4,Francois Cevert,FRA,Tyrrell Ford,47.0,1973,CEV,175
5,Peter Revson ,USA,McLaren Ford,38.0,1973,REV,182
6,Denny  Hulme ,NZL,McLaren Ford,26.0,1973,HUL,150
7,Carlos  Reutemann ,ARG,Brabham Ford,16.0,1973,REU,184
8,James  Hunt ,GBR,March Ford,14.0,1973,HUN,187
9,Jacky  Ickx ,BEL,Iso Marlboro Ford,12.0,1973,ICK,159
10,Jean-Pierre  Beltoise ,FRA,BRM,9.0,1973,BEL,160
11,Carlos  Pace ,BRA,Surtees Ford,7.0,1973,PAC,185
12,Arturo  Merzario ,ITA,Ferrari,6.0,1973,MER,186
13,George Follmer,USA,Shadow Ford,5.0,1973,FOL,188
14,Jackie  Oliver ,GBR,Shadow Ford,4.0,1973,OLI,162
15,Andrea  de Adamich,ITA,Brabham Ford,3.0,1973,DEA,183
15,Wilson  Fittipaldi ,BRA,Brabham Ford,3.0,1973,FIT,189
17,Niki  Lauda ,AUT,BRM,2.0,1973,LAU,190
17,Clay  Regazzoni ,SUI,BRM,2.0,1973,REG,167
19,Chris  Amon ,NZL,Tyrrell Ford,1.0,1973,AMO,126
19,Gijs  van Lennep ,NED,Iso Marlboro Ford,1.0,1973,VAN,191
19,Howden Ganley,NZL,Iso Marlboro Ford,1.0,1973,GAN,180
1,Emerson  Fittipaldi ,BRA,McLaren Ford,55.0,1974,FIT,168
2,Clay  Regazzoni ,SUI,Ferrari,52.0,1974,REG,167
3,Jody  Scheckter ,RSA,Tyrrell Ford,45.0,1974,SCH,192
4,Niki  Lauda ,AUT,Ferrari,38.0,1974,LAU,190
5,Ronnie  Peterson ,SWE,Lotus Ford,35.0,1974,PET,178
6,Carlos  Reutemann ,ARG,Brabham Ford,32.0,1974,REU,184
7,Denny  Hulme ,NZL,McLaren Ford,20.0,1974,HUL,150
8,James  Hunt ,GBR,Hesketh Ford,15.0,1974,HUN,187
9,Patrick  Depailler ,FRA,Tyrrell Ford,14.0,1974,DEP,193
10,Jacky  Ickx ,BEL,Lotus Ford,12.0,1974,ICK,159
10,Mike  Hailwood ,GBR,McLaren Ford,12.0,1974,HAI,131
12,Carlos  Pace ,BRA,Brabham Ford,11.0,1974,PAC,185
13,Jean-Pierre  Beltoise ,FRA,BRM,10.0,1974,BEL,160
14,Jean-Pierre  Jarier ,FRA,Shadow Ford,6.0,1974,JAR,194
14,John  Watson ,GBR,Brabham Ford,6.0,1974,WAT,195
16,Hans-Joachim  Stuck ,GER,March Ford,5.0,1974,STU,196
17,Arturo  Merzario ,ITA,Iso Marlboro Ford,4.0,1974,MER,186
18,Graham  Hill ,GBR,Lola Ford,1.0,1974,HIL,106
18,Tom  Pryce ,GBR,Shadow Ford,1.0,1974,PRY,197
18,Vittorio  Brambilla ,ITA,March Ford,1.0,1974,BRA,198
1,Niki  Lauda ,AUT,Ferrari,64.5,1975,LAU,190
2,Emerson  Fittipaldi ,BRA,McLaren Ford,45.0,1975,FIT,168
3,Carlos  Reutemann ,ARG,Brabham Ford,37.0,1975,REU,184
4,James  Hunt ,GBR,Hesketh Ford,33.0,1975,HUN,187
5,Clay  Regazzoni ,SUI,Ferrari,25.0,1975,REG,167
6,Carlos  Pace ,BRA,Brabham Ford,24.0,1975,PAC,185
7,Jody  Scheckter ,RSA,Tyrrell Ford,20.0,1975,SCH,192
7,Jochen  Mass ,GER,McLaren Ford,20.0,1975,MAS,199
9,Patrick  Depailler ,FRA,Tyrrell Ford,12.0,1975,DEP,193
10,Tom  Pryce ,GBR,Shadow Ford,8.0,1975,PRY,197
11,Vittorio  Brambilla ,ITA,March Ford,6.5,1975,BRA,198
12,Jacques  Laffite ,FRA,Frank Williams Racing Cars/Williams,6.0,1975,LAF,200
12,Ronnie  Peterson ,SWE,Lotus Ford,6.0,1975,PET,178
14,Mario  Andretti ,USA,Parnelli Ford,5.0,1975,AND,171
15,Mark  Donohue ,USA,March Ford,4.0,1975,DON,181
16,Jacky  Ickx ,BEL,Lotus Ford,3.0,1975,ICK,159
17,Alan Jones ,AUS,Hill Ford,2.0,1975,JON,201
18,Jean-Pierre  Jarier ,FRA,Shadow Ford,1.5,1975,JAR,194
19,Tony  Brise ,GBR,Hill Ford,1.0,1975,BRI,202
19,Gijs  van Lennep ,NED,Ensign Ford,1.0,1975,VAN,191
21,Lella  Lombardi ,ITA,Frank Williams Racing Cars/Williams,0.5,1975,LOM,203
1,James  Hunt ,GBR,McLaren Ford,69.0,1976,HUN,187
2,Niki  Lauda ,AUT,Ferrari,68.0,1976,LAU,190
3,Jody  Scheckter ,RSA,Tyrrell Ford,49.0,1976,SCH,192
4,Patrick  Depailler ,FRA,Tyrrell Ford,39.0,1976,DEP,193
5,Clay  Regazzoni ,SUI,Ferrari,31.0,1976,REG,167
6,Mario  Andretti ,USA,Lotus Ford,22.0,1976,AND,171
7,John  Watson ,GBR,Penske Ford,20.0,1976,WAT,195
7,Jacques  Laffite ,FRA,Ligier Matra,20.0,1976,LAF,200
9,Jochen  Mass ,GER,McLaren Ford,19.0,1976,MAS,199
10,Gunnar  Nilsson ,SWE,Lotus Ford,11.0,1976,NIL,204
11,Ronnie  Peterson ,SWE,March Ford,10.0,1976,PET,178
11,Tom  Pryce ,GBR,Shadow Ford,10.0,1976,PRY,197
13,Hans-Joachim  Stuck ,GER,March Ford,8.0,1976,STU,196
14,Carlos  Pace ,BRA,Brabham Alfa Romeo,7.0,1976,PAC,185
14,Alan Jones ,AUS,Surtees Ford,7.0,1976,JON,201
16,Carlos  Reutemann ,ARG,Ferrari,3.0,1976,REU,184
16,Emerson  Fittipaldi ,BRA,Fittipaldi Ford,3.0,1976,FIT,168
18,Chris  Amon ,NZL,Wolf-Williams,2.0,1976,AMO,126
19,Rolf  Stommelen ,GER,Brabham Alfa Romeo,1.0,1976,STO,169
19,Vittorio  Brambilla ,ITA,March Ford,1.0,1976,BRA,198
1,Niki  Lauda ,AUT,Ferrari,72.0,1977,LAU,190
2,Jody  Scheckter ,RSA,Wolf Ford,55.0,1977,SCH,192
3,Mario  Andretti ,USA,Lotus Ford,47.0,1977,AND,171
4,Carlos  Reutemann ,ARG,Ferrari,42.0,1977,REU,184
5,James  Hunt ,GBR,McLaren Ford,40.0,1977,HUN,187
6,Jochen  Mass ,GER,McLaren Ford,25.0,1977,MAS,199
7,Alan Jones ,AUS,Shadow Ford,22.0,1977,JON,201
8,Gunnar  Nilsson ,SWE,Lotus Ford,20.0,1977,NIL,204
8,Patrick  Depailler ,FRA,Tyrrell Ford,20.0,1977,DEP,193
10,Jacques  Laffite ,FRA,Ligier Matra,18.0,1977,LAF,200
11,Hans-Joachim  Stuck ,GER,Brabham Alfa Romeo,12.0,1977,STU,196
12,Emerson  Fittipaldi ,BRA,Fittipaldi Ford,11.0,1977,FIT,168
13,John  Watson ,GBR,Brabham Alfa Romeo,9.0,1977,WAT,195
14,Ronnie  Peterson ,SWE,Tyrrell Ford,7.0,1977,PET,178
15,Carlos  Pace ,BRA,Brabham Alfa Romeo,6.0,1977,PAC,185
15,Vittorio  Brambilla ,ITA,Surtees Ford,6.0,1977,BRA,198
17,Patrick  Tambay ,FRA,Ensign Ford,5.0,1977,TAM,205
17,Clay  Regazzoni ,SUI,Ensign Ford,5.0,1977,REG,167
19,Renzo  Zorzi ,ITA,Shadow Ford,1.0,1977,ZOR,206
19,Jean-Pierre  Jarier ,FRA,Ligier Matra,1.0,1977,JAR,194
19,Riccardo  Patrese ,ITA,Shadow Ford,1.0,1977,PAT,207
1,Mario  Andretti ,USA,Lotus Ford,64.0,1978,AND,171
2,Ronnie  Peterson ,SWE,Lotus Ford,51.0,1978,PET,178
3,Carlos  Reutemann ,ARG,Ferrari,48.0,1978,REU,184
4,Niki  Lauda ,AUT,Brabham Alfa Romeo,44.0,1978,LAU,190
5,Patrick  Depailler ,FRA,Tyrrell Ford,34.0,1978,DEP,193
6,John  Watson ,GBR,Brabham Alfa Romeo,25.0,1978,WAT,195
7,Jody  Scheckter ,RSA,Wolf Ford,24.0,1978,SCH,192
8,Jacques  Laffite ,FRA,Ligier Matra,19.0,1978,LAF,200
9,Gilles  Villeneuve ,CAN,Ferrari,17.0,1978,VIL,208
9,Emerson  Fittipaldi ,BRA,Fittipaldi Ford,17.0,1978,FIT,168
11,Alan Jones ,AUS,Williams Ford,11.0,1978,JON,201
11,Riccardo  Patrese ,ITA,Arrows Ford,11.0,1978,PAT,207
13,James  Hunt ,GBR,McLaren Ford,8.0,1978,HUN,187
13,Patrick  Tambay ,FRA,McLaren Ford,8.0,1978,TAM,205
15,Didier  Pironi ,FRA,Tyrrell Ford,7.0,1978,PIR,209
16,Clay  Regazzoni ,SUI,Shadow Ford,4.0,1978,REG,167
17,Jean-Pierre  Jabouille ,FRA,Renault,3.0,1978,JAB,210
18,Hans-Joachim  Stuck ,GER,Shadow Ford,2.0,1978,STU,196
19,Hector  Rebaque ,MEX,Lotus Ford,1.0,1978,REB,211
19,Vittorio  Brambilla ,ITA,Surtees Ford,1.0,1978,BRA,198
19,Derek  Daly ,IRL,Ensign Ford,1.0,1978,DAL,212
1,Jody  Scheckter ,RSA,Ferrari,51.0,1979,SCH,192
2,Gilles  Villeneuve ,CAN,Ferrari,47.0,1979,VIL,208
3,Alan Jones ,AUS,Williams Ford,40.0,1979,JON,201
4,Jacques  Laffite ,FRA,Ligier Ford,36.0,1979,LAF,200
5,Clay  Regazzoni ,SUI,Williams Ford,29.0,1979,REG,167
6,Patrick  Depailler ,FRA,Ligier Ford,20.0,1979,DEP,193
6,Carlos  Reutemann ,ARG,Lotus Ford,20.0,1979,REU,184
8,Rene  Arnoux ,FRA,Renault,17.0,1979,ARN,213
9,John  Watson ,GBR,McLaren Ford,15.0,1979,WAT,195
10,Didier  Pironi ,FRA,Tyrrell Ford,14.0,1979,PIR,209
10,Jean-Pierre  Jarier ,FRA,Tyrrell Ford,14.0,1979,JAR,194
10,Mario  Andretti ,USA,Lotus Ford,14.0,1979,AND,171
13,Jean-Pierre  Jabouille ,FRA,Renault,9.0,1979,JAB,210
14,Niki  Lauda ,AUT,Brabham Ford,4.0,1979,LAU,190
15,Nelson  Piquet ,BRA,Brabham Ford,3.0,1979,PIQ,214
15,Elio  de Angelis ,ITA,Shadow Ford,3.0,1979,DEA,215
15,Jacky  Ickx ,BEL,Ligier Ford,3.0,1979,ICK,159
15,Jochen  Mass ,GER,Arrows Ford,3.0,1979,MAS,199
19,Riccardo  Patrese ,ITA,Arrows Ford,2.0,1979,PAT,207
19,Hans-Joachim  Stuck ,GER,ATS Ford,2.0,1979,STU,196
21,Emerson  Fittipaldi ,BRA,Fittipaldi Ford,1.0,1979,FIT,168
1,Alan Jones ,AUS,Williams Ford,67.0,1980,JON,201
2,Nelson  Piquet ,BRA,Brabham Ford,54.0,1980,PIQ,214
3,Carlos  Reutemann ,ARG,Williams Ford,42.0,1980,REU,184
4,Jacques  Laffite ,FRA,Ligier Ford,34.0,1980,LAF,200
5,Didier  Pironi ,FRA,Ligier Ford,32.0,1980,PIR,209
6,Rene  Arnoux ,FRA,Renault,29.0,1980,ARN,213
7,Elio  de Angelis ,ITA,Lotus Ford,13.0,1980,DEA,215
8,Jean-Pierre  Jabouille ,FRA,Renault,9.0,1980,JAB,210
9,Riccardo  Patrese ,ITA,Arrows Ford,7.0,1980,PAT,207
10,Keke  Rosberg ,FIN,Fittipaldi Ford,6.0,1980,ROS,216
10,Derek  Daly ,IRL,Tyrrell Ford,6.0,1980,DAL,212
10,John  Watson ,GBR,McLaren Ford,6.0,1980,WAT,195
10,Jean-Pierre  Jarier ,FRA,Tyrrell Ford,6.0,1980,JAR,194
10,Gilles  Villeneuve ,CAN,Ferrari,6.0,1980,VIL,208
15,Emerson  Fittipaldi ,BRA,Fittipaldi Ford,5.0,1980,FIT,168
15,Alain  Prost ,FRA,McLaren Ford,5.0,1980,PRO,217
17,Jochen  Mass ,GER,Arrows Ford,4.0,1980,MAS,199
17,Bruno  Giacomelli ,ITA,Alfa Romeo,4.0,1980,GIA,218
19,Jody  Scheckter ,RSA,Ferrari,2.0,1980,SCH,192
20,Hector  Rebaque ,MEX,Brabham Ford,1.0,1980,REB,211
20,Mario  Andretti ,USA,Lotus Ford,1.0,1980,AND,171
1,Nelson  Piquet ,BRA,Brabham Ford,50.0,1981,PIQ,214
2,Carlos  Reutemann ,ARG,Williams Ford,49.0,1981,REU,184
3,Alan Jones ,AUS,Williams Ford,46.0,1981,JON,201
4,Jacques  Laffite ,FRA,Ligier Matra,44.0,1981,LAF,200
5,Alain  Prost ,FRA,Renault,43.0,1981,PRO,217
6,John  Watson ,GBR,McLaren Ford,27.0,1981,WAT,195
7,Gilles  Villeneuve ,CAN,Ferrari,25.0,1981,VIL,208
8,Elio  de Angelis ,ITA,Lotus Ford,14.0,1981,DEA,215
9,Rene  Arnoux ,FRA,Renault,11.0,1981,ARN,213
9,Hector  Rebaque ,MEX,Brabham Ford,11.0,1981,REB,211
11,Riccardo  Patrese ,ITA,Arrows Ford,10.0,1981,PAT,207
11,Eddie Cheever ,USA,Tyrrell Ford,10.0,1981,CHE,219
13,Didier  Pironi ,FRA,Ferrari,9.0,1981,PIR,209
14,Nigel  Mansell ,GBR,Lotus Ford,8.0,1981,MAN,220
15,Bruno  Giacomelli ,ITA,Alfa Romeo,7.0,1981,GIA,218
16,Marc  Surer ,SUI,Theodore Ford,4.0,1981,SUR,221
17,Mario  Andretti ,USA,Alfa Romeo,3.0,1981,AND,171
18,Patrick  Tambay ,FRA,Ligier Matra,1.0,1981,TAM,205
18,Andrea  de Cesaris ,ITA,McLaren Ford,1.0,1981,DEC,222
18,Slim  Borgudd ,SWE,ATS Ford,1.0,1981,BOR,223
18,Eliseo  Salazar ,CHI,Ensign Ford,1.0,1981,SAL,224
1,Keke  Rosberg ,FIN,Williams Ford,44.0,1982,ROS,216
2,Didier  Pironi ,FRA,Ferrari,39.0,1982,PIR,209
2,John  Watson ,GBR,McLaren Ford,39.0,1982,WAT,195
4,Alain  Prost ,FRA,Renault,34.0,1982,PRO,217
5,Niki  Lauda ,AUT,McLaren Ford,30.0,1982,LAU,190
6,Rene  Arnoux ,FRA,Renault,28.0,1982,ARN,213
7,Patrick  Tambay ,FRA,Ferrari,25.0,1982,TAM,205
7,Michele  Alboreto ,ITA,Tyrrell Ford,25.0,1982,ALB,225
9,Elio  de Angelis ,ITA,Lotus Ford,23.0,1982,DEA,215
10,Riccardo  Patrese ,ITA,Brabham BMW,21.0,1982,PAT,207
11,Nelson  Piquet ,BRA,Brabham BMW,20.0,1982,PIQ,214
12,Eddie Cheever ,USA,Ligier Matra,15.0,1982,CHE,219
13,Derek  Daly ,IRL,Williams Ford,8.0,1982,DAL,212
14,Nigel  Mansell ,GBR,Lotus Ford,7.0,1982,MAN,220
15,Carlos  Reutemann ,ARG,Williams Ford,6.0,1982,REU,184
15,Gilles  Villeneuve ,CAN,Ferrari,6.0,1982,VIL,208
17,Andrea  de Cesaris ,ITA,Alfa Romeo,5.0,1982,DEC,222
17,Jacques  Laffite ,FRA,Ligier Matra,5.0,1982,LAF,200
19,Mario  Andretti ,USA,Ferrari,4.0,1982,AND,171
20,Jean-Pierre  Jarier ,FRA,Osella Ford,3.0,1982,JAR,194
20,Marc  Surer ,SUI,Arrows Ford,3.0,1982,SUR,221
22,Manfred  Winkelhock ,GER,ATS Ford,2.0,1982,WIN,226
22,Eliseo  Salazar ,CHI,ATS Ford,2.0,1982,SAL,224
22,Bruno  Giacomelli ,ITA,Alfa Romeo,2.0,1982,GIA,218
22,Mauro  Baldi ,ITA,Arrows Ford,2.0,1982,BAL,227
26,Chico  Serra ,BRA,Fittipaldi Ford,1.0,1982,SER,228
1,Nelson  Piquet ,BRA,Brabham BMW,59.0,1983,PIQ,214
2,Alain  Prost ,FRA,Renault,57.0,1983,PRO,217
3,Rene  Arnoux ,FRA,Ferrari,49.0,1983,ARN,213
4,Patrick  Tambay ,FRA,Ferrari,40.0,1983,TAM,205
5,Keke  Rosberg ,FIN,Williams Honda,27.0,1983,ROS,216
6,John  Watson ,GBR,McLaren Ford,22.0,1983,WAT,195
7,Eddie Cheever ,USA,Renault,22.0,1983,CHE,219
8,Andrea  de Cesaris ,ITA,Alfa Romeo,15.0,1983,DEC,222
9,Riccardo  Patrese ,ITA,Brabham BMW,13.0,1983,PAT,207
10,Niki  Lauda ,AUT,McLaren TAG,12.0,1983,LAU,190
11,Jacques  Laffite ,FRA,Williams Honda,11.0,1983,LAF,200
12,Michele  Alboreto ,ITA,Tyrrell Ford,10.0,1983,ALB,225
13,Nigel  Mansell ,GBR,Lotus Renault,10.0,1983,MAN,220
14,Derek  Warwick ,GBR,Toleman Hart,9.0,1983,WAR,229
15,Marc  Surer ,SUI,Arrows Ford,4.0,1983,SUR,221
16,Mauro  Baldi ,ITA,Alfa Romeo,3.0,1983,BAL,227
17,Elio  de Angelis ,ITA,Lotus Renault,2.0,1983,DEA,215
18,Danny  Sullivan ,USA,Tyrrell Ford,2.0,1983,SUL,230
19,Bruno  Giacomelli ,ITA,Toleman Hart,1.0,1983,GIA,218
20,Johnny  Cecotto ,VEN,Theodore Ford,1.0,1983,CEC,231
1,Niki  Lauda ,AUT,McLaren TAG,72.0,1984,LAU,190
2,Alain  Prost ,FRA,McLaren TAG,71.5,1984,PRO,217
3,Elio  de Angelis ,ITA,Lotus Renault,34.0,1984,DEA,215
4,Michele  Alboreto ,ITA,Ferrari,30.5,1984,ALB,225
5,Nelson  Piquet ,BRA,Brabham BMW,29.0,1984,PIQ,214
6,Rene  Arnoux ,FRA,Ferrari,27.0,1984,ARN,213
7,Derek  Warwick ,GBR,Renault,23.0,1984,WAR,229
8,Keke  Rosberg ,FIN,Williams Honda,20.5,1984,ROS,216
9,Ayrton  Senna ,BRA,Toleman Hart,13.0,1984,SEN,232
10,Nigel  Mansell ,GBR,Lotus Renault,13.0,1984,MAN,220
11,Patrick  Tambay ,FRA,Renault,11.0,1984,TAM,205
12,Teo  Fabi ,ITA,Brabham BMW,9.0,1984,FAB,233
13,Riccardo  Patrese ,ITA,Alfa Romeo,8.0,1984,PAT,207
14,Jacques  Laffite ,FRA,Williams Honda,5.0,1984,LAF,200
15,Thierry  Boutsen ,BEL,Arrows BMW,5.0,1984,BOU,234
16,Eddie Cheever ,USA,Alfa Romeo,3.0,1984,CHE,219
17,Stefan  Johansson ,SWE,Toleman Hart,3.0,1984,JOH,235
18,Andrea  de Cesaris ,ITA,Ligier Renault,3.0,1984,DEC,222
19,Piercarlo  Ghinzani ,ITA,Osella Alfa Romeo,2.0,1984,GHI,236
20,Marc  Surer ,SUI,Arrows BMW,1.0,1984,SUR,221
1,Alain  Prost ,FRA,McLaren TAG,73.0,1985,PRO,217
2,Michele  Alboreto ,ITA,Ferrari,53.0,1985,ALB,225
3,Keke  Rosberg ,FIN,Williams Honda,40.0,1985,ROS,216
4,Ayrton  Senna ,BRA,Lotus Renault,38.0,1985,SEN,232
5,Elio  de Angelis ,ITA,Lotus Renault,33.0,1985,DEA,215
6,Nigel  Mansell ,GBR,Williams Honda,31.0,1985,MAN,220
7,Stefan  Johansson ,SWE,Ferrari,26.0,1985,JOH,235
8,Nelson  Piquet ,BRA,Brabham BMW,21.0,1985,PIQ,214
9,Jacques  Laffite ,FRA,Ligier Renault,16.0,1985,LAF,200
10,Niki  Lauda ,AUT,McLaren TAG,14.0,1985,LAU,190
11,Thierry  Boutsen ,BEL,Arrows BMW,11.0,1985,BOU,234
12,Patrick  Tambay ,FRA,Renault,11.0,1985,TAM,205
13,Marc  Surer ,SUI,Brabham BMW,5.0,1985,SUR,221
14,Derek  Warwick ,GBR,Renault,5.0,1985,WAR,229
15,Philippe  Streiff ,FRA,Ligier Renault,4.0,1985,STR,237
16,Stefan  Bellof ,GER,Tyrrell Renault,4.0,1985,BEL,238
17,Andrea  de Cesaris ,ITA,Ligier Renault,3.0,1985,DEC,222
18,Rene  Arnoux ,FRA,Ferrari,3.0,1985,ARN,213
19,Ivan  Capelli ,ITA,Tyrrell Renault,3.0,1985,CAP,239
20,Gerhard  Berger ,AUT,Arrows BMW,3.0,1985,BER,240
1,Alain  Prost ,FRA,McLaren TAG,72.0,1986,PRO,217
2,Nigel  Mansell ,GBR,Williams Honda,70.0,1986,MAN,220
3,Nelson  Piquet ,BRA,Williams Honda,69.0,1986,PIQ,214
4,Ayrton  Senna ,BRA,Lotus Renault,55.0,1986,SEN,232
5,Stefan  Johansson ,SWE,Ferrari,23.0,1986,JOH,235
6,Keke  Rosberg ,FIN,McLaren TAG,22.0,1986,ROS,216
7,Gerhard  Berger ,AUT,Benetton BMW,17.0,1986,BER,240
8,Jacques  Laffite ,FRA,Ligier Renault,14.0,1986,LAF,200
9,Michele  Alboreto ,ITA,Ferrari,14.0,1986,ALB,225
10,Rene  Arnoux ,FRA,Ligier Renault,14.0,1986,ARN,213
11,Martin  Brundle ,GBR,Tyrrell Renault,8.0,1986,BRU,241
12,Alan Jones ,AUS,Lola Ford,4.0,1986,JON,201
13,Johnny  Dumfries ,GBR,Lotus Renault,3.0,1986,DUM,242
14,Philippe  Streiff ,FRA,Tyrrell Renault,3.0,1986,STR,237
15,Teo  Fabi ,ITA,Benetton BMW,2.0,1986,FAB,233
16,Patrick  Tambay ,FRA,Lola Ford,2.0,1986,TAM,205
17,Riccardo  Patrese ,ITA,Brabham BMW,2.0,1986,PAT,207
18,Philippe  Alliot ,FRA,Ligier Renault,1.0,1986,ALL,243
19,Christian  Danner ,GER,Arrows BMW,1.0,1986,DAN,244
1,Nelson  Piquet ,BRA,Williams Honda,73.0,1987,PIQ,214
2,Nigel  Mansell ,GBR,Williams Honda,61.0,1987,MAN,220
3,Ayrton  Senna ,BRA,Lotus Honda,57.0,1987,SEN,232
4,Alain  Prost ,FRA,McLaren TAG,46.0,1987,PRO,217
5,Gerhard  Berger ,AUT,Ferrari,36.0,1987,BER,240
6,Stefan  Johansson ,SWE,McLaren TAG,30.0,1987,JOH,235
7,Michele  Alboreto ,ITA,Ferrari,17.0,1987,ALB,225
8,Thierry  Boutsen ,BEL,Benetton Ford,16.0,1987,BOU,234
9,Teo  Fabi ,ITA,Benetton Ford,12.0,1987,FAB,233
10,Eddie Cheever ,USA,Arrows Megatron,8.0,1987,CHE,219
11,Jonathan Palmer ,GBR,Tyrrell Ford,7.0,1987,PAL,245
12,Satoru  Nakajima ,JPN,Lotus Honda,7.0,1987,NAK,246
13,Riccardo  Patrese ,ITA,Williams Honda,6.0,1987,PAT,207
14,Andrea  de Cesaris ,ITA,Brabham BMW,4.0,1987,DEC,222
15,Philippe  Streiff ,FRA,Tyrrell Ford,4.0,1987,STR,237
16,Derek  Warwick ,GBR,Arrows Megatron,3.0,1987,WAR,229
17,Philippe  Alliot ,FRA,Lola Ford,3.0,1987,ALL,243
18,Martin  Brundle ,GBR,Zakspeed,2.0,1987,BRU,241
19,Rene  Arnoux ,FRA,Ligier Megatron,1.0,1987,ARN,213
20,Ivan  Capelli ,ITA,March Ford,1.0,1987,CAP,239
21,Roberto  Moreno ,BRA,AGS Ford,1.0,1987,MOR,247
1,Ayrton  Senna ,BRA,McLaren Honda,90.0,1988,SEN,232
2,Alain  Prost ,FRA,McLaren Honda,87.0,1988,PRO,217
3,Gerhard  Berger ,AUT,Ferrari,41.0,1988,BER,240
4,Thierry  Boutsen ,BEL,Benetton Ford,27.0,1988,BOU,234
5,Michele  Alboreto ,ITA,Ferrari,24.0,1988,ALB,225
6,Nelson  Piquet ,BRA,Lotus Honda,22.0,1988,PIQ,214
7,Ivan  Capelli ,ITA,March Judd,17.0,1988,CAP,239
8,Derek  Warwick ,GBR,Arrows Megatron,17.0,1988,WAR,229
9,Nigel  Mansell ,GBR,Williams Judd,12.0,1988,MAN,220
10,Alessandro  Nannini ,ITA,Benetton Ford,12.0,1988,NAN,248
11,Riccardo  Patrese ,ITA,Williams Judd,8.0,1988,PAT,207
12,Eddie Cheever ,USA,Arrows Megatron,6.0,1988,CHE,219
13,Mauricio  Gugelmin ,BRA,March Judd,5.0,1988,GUG,249
14,Jonathan Palmer ,GBR,Tyrrell Ford,5.0,1988,PAL,245
15,Andrea  de Cesaris ,ITA,Rial Ford,3.0,1988,DEC,222
16,Pierluigi  Martini ,ITA,Minardi Ford,1.0,1988,MAR,250
17,Satoru  Nakajima ,JPN,Lotus Honda,1.0,1988,NAK,246
1,Alain  Prost ,FRA,McLaren Honda,76.0,1989,PRO,217
2,Ayrton  Senna ,BRA,McLaren Honda,60.0,1989,SEN,232
3,Riccardo  Patrese ,ITA,Williams Renault,40.0,1989,PAT,207
4,Nigel  Mansell ,GBR,Ferrari,38.0,1989,MAN,220
5,Thierry  Boutsen ,BEL,Williams Renault,37.0,1989,BOU,234
6,Alessandro  Nannini ,ITA,Benetton Ford,32.0,1989,NAN,248
7,Gerhard  Berger ,AUT,Ferrari,21.0,1989,BER,240
8,Nelson  Piquet ,BRA,Lotus Judd,12.0,1989,PIQ,214
9,Jean  Alesi ,FRA,Tyrrell Ford,8.0,1989,ALE,251
10,Derek  Warwick ,GBR,Arrows Ford,7.0,1989,WAR,229
11,Stefan  Johansson ,SWE,Onyx Ford,6.0,1989,JOH,235
11,Michele  Alboreto ,ITA,Lola Lamborghini,6.0,1989,ALB,225
11,Eddie Cheever ,USA,Arrows Ford,6.0,1989,CHE,219
14,Johnny  Herbert ,GBR,Tyrrell Ford,5.0,1989,HER,252
15,Pierluigi  Martini ,ITA,Minardi Ford,5.0,1989,MAR,250
16,Andrea  de Cesaris ,ITA,Dallara Ford,4.0,1989,DEC,222
16,Mauricio  Gugelmin ,BRA,March Judd,4.0,1989,GUG,249
16,Stefano  Modena ,ITA,Brabham Judd,4.0,1989,MOD,253
19,Alex  Caffi ,ITA,Dallara Ford,4.0,1989,CAF,254
20,Martin  Brundle ,GBR,Brabham Judd,4.0,1989,BRU,241
21,Christian  Danner ,GER,Rial Ford,3.0,1989,DAN,244
21,Satoru  Nakajima ,JPN,Lotus Judd,3.0,1989,NAK,246
23,Rene  Arnoux ,FRA,Ligier Ford,2.0,1989,ARN,213
23,Emanuele  Pirro ,ITA,Benetton Ford,2.0,1989,PIR,255
25,Jonathan Palmer ,GBR,Tyrrell Ford,2.0,1989,PAL,245
26,Gabriele  Tarquini ,ITA,AGS Ford,1.0,1989,TAR,256
26,Philippe  Alliot ,FRA,Lola Lamborghini,1.0,1989,ALL,243
26,Olivier  Grouillard ,FRA,Ligier Ford,1.0,1989,GRO,257
26,Luis  Perez-Sala ,ESP,Minardi Ford,1.0,1989,PER,258
1,Ayrton  Senna ,BRA,McLaren Honda,78.0,1990,SEN,232
2,Alain  Prost ,FRA,Ferrari,71.0,1990,PRO,217
3,Nelson  Piquet ,BRA,Benetton Ford,43.0,1990,PIQ,214
3,Gerhard  Berger ,AUT,McLaren Honda,43.0,1990,BER,240
5,Nigel  Mansell ,GBR,Ferrari,37.0,1990,MAN,220
6,Thierry  Boutsen ,BEL,Williams Renault,34.0,1990,BOU,234
7,Riccardo  Patrese ,ITA,Williams Renault,23.0,1990,PAT,207
8,Alessandro  Nannini ,ITA,Benetton Ford,21.0,1990,NAN,248
9,Jean  Alesi ,FRA,Tyrrell Ford,13.0,1990,ALE,251
10,Ivan  Capelli ,ITA,Leyton House Judd,6.0,1990,CAP,239
10,Roberto  Moreno ,BRA,Benetton Ford,6.0,1990,MOR,247
12,Aguri  Suzuki ,JPN,Lola Lamborghini,6.0,1990,SUZ,259
13,Eric  Bernard ,FRA,Lola Lamborghini,5.0,1990,BER,260
14,Derek  Warwick ,GBR,Lotus Lamborghini,3.0,1990,WAR,229
15,Satoru  Nakajima ,JPN,Tyrrell Ford,3.0,1990,NAK,246
16,Alex  Caffi ,ITA,Arrows Ford,2.0,1990,CAF,254
16,Stefano  Modena ,ITA,Brabham Judd,2.0,1990,MOD,253
18,Mauricio  Gugelmin ,BRA,Leyton House Judd,1.0,1990,GUG,249
1,Ayrton  Senna ,BRA,McLaren Honda,96.0,1991,SEN,232
2,Nigel  Mansell ,GBR,Williams Renault,72.0,1991,MAN,220
3,Riccardo  Patrese ,ITA,Williams Renault,53.0,1991,PAT,207
4,Gerhard  Berger ,AUT,McLaren Honda,43.0,1991,BER,240
5,Alain  Prost ,FRA,Ferrari,34.0,1991,PRO,217
6,Nelson  Piquet ,BRA,Benetton Ford,26.5,1991,PIQ,214
7,Jean  Alesi ,FRA,Ferrari,21.0,1991,ALE,251
8,Stefano  Modena ,ITA,Tyrrell Honda,10.0,1991,MOD,253
9,Andrea  de Cesaris ,ITA,Jordan Ford,9.0,1991,DEC,222
10,Roberto  Moreno ,BRA,Minardi Ferrari,8.0,1991,MOR,247
11,Pierluigi  Martini ,ITA,Minardi Ferrari,6.0,1991,MAR,250
12,Jyrki  Jarvilehto ,FIN,Dallara Judd,4.0,1991,JAR,261
12,Bertrand  Gachot ,FRA,Jordan Ford,4.0,1991,GAC,262
12,Michael  Schumacher ,GER,Benetton Ford,4.0,1991,MSC,263
15,Mika  Hakkinen ,FIN,Lotus Judd,2.0,1991,HAK,264
15,Martin  Brundle ,GBR,Brabham Yamaha,2.0,1991,BRU,241
15,Satoru  Nakajima ,JPN,Tyrrell Honda,2.0,1991,NAK,246
18,Julian  Bailey ,GBR,Lotus Judd,1.0,1991,BAI,265
18,Eric  Bernard ,FRA,Lola Ford,1.0,1991,BER,260
18,Ivan  Capelli ,ITA,Leyton House Ilmor,1.0,1991,CAP,239
18,Aguri  Suzuki ,JPN,Lola Ford,1.0,1991,SUZ,259
18,Emanuele  Pirro ,ITA,Dallara Judd,1.0,1991,PIR,255
18,Mark  Blundell ,GBR,Brabham Yamaha,1.0,1991,BLU,266
24,Gianni  Morbidelli ,ITA,Ferrari,0.5,1991,MOR,267
1,Nigel  Mansell ,GBR,Williams Renault,108.0,1992,MAN,220
2,Riccardo  Patrese ,ITA,Williams Renault,56.0,1992,PAT,207
3,Michael  Schumacher ,GER,Benetton Ford,53.0,1992,MSC,263
4,Ayrton  Senna ,BRA,McLaren Honda,50.0,1992,SEN,232
5,Gerhard  Berger ,AUT,McLaren Honda,49.0,1992,BER,240
6,Martin  Brundle ,GBR,Benetton Ford,38.0,1992,BRU,241
7,Jean  Alesi ,FRA,Ferrari,18.0,1992,ALE,251
8,Mika  Hakkinen ,FIN,Lotus Ford,11.0,1992,HAK,264
9,Andrea  de Cesaris ,ITA,Tyrrell Ilmor,8.0,1992,DEC,222
10,Michele  Alboreto ,ITA,Footwork Mugen Honda,6.0,1992,ALB,225
11,Erik  Comas ,FRA,Ligier Renault,4.0,1992,COM,268
12,Karl  Wendlinger ,AUT,March Ilmor,3.0,1992,WEN,269
12,Ivan  Capelli ,ITA,Ferrari,3.0,1992,CAP,239
14,Thierry  Boutsen ,BEL,Ligier Renault,2.0,1992,BOU,234
15,Pierluigi  Martini ,ITA,Dallara Ferrari,2.0,1992,MAR,250
16,Johnny  Herbert ,GBR,Lotus Ford,2.0,1992,HER,252
17,Stefano  Modena ,ITA,Jordan Yamaha,1.0,1992,MOD,253
18,Christian  Fittipaldi ,BRA,Minardi Lamborghini,1.0,1992,FIT,270
19,Bertrand  Gachot ,FRA,Venturi Lamborghini,1.0,1992,GAC,262
1,Alain  Prost ,FRA,Williams Renault,99.0,1993,PRO,217
2,Ayrton  Senna ,BRA,McLaren Ford,73.0,1993,SEN,232
3,Damon  Hill ,GBR,Williams Renault,69.0,1993,HIL,271
4,Michael  Schumacher ,GER,Benetton Ford,52.0,1993,MSC,263
5,Riccardo  Patrese ,ITA,Benetton Ford,20.0,1993,PAT,207
6,Jean  Alesi ,FRA,Ferrari,16.0,1993,ALE,251
7,Martin  Brundle ,GBR,Ligier Renault,13.0,1993,BRU,241
8,Gerhard  Berger ,AUT,Ferrari,12.0,1993,BER,240
9,Johnny  Herbert ,GBR,Lotus Ford,11.0,1993,HER,252
10,Mark  Blundell ,GBR,Ligier Renault,10.0,1993,BLU,266
11,Michael  Andretti ,USA,McLaren Ford,7.0,1993,AND,272
12,Karl  Wendlinger ,AUT,Sauber,7.0,1993,WEN,269
13,Christian  Fittipaldi ,BRA,Minardi Ford,5.0,1993,FIT,270
13,Jyrki  Jarvilehto ,FIN,Sauber,5.0,1993,JAR,261
15,Mika  Hakkinen ,FIN,McLaren Ford,4.0,1993,HAK,264
16,Derek  Warwick ,GBR,Footwork Mugen Honda,4.0,1993,WAR,229
17,Philippe  Alliot ,FRA,Larrousse Lamborghini,2.0,1993,ALL,243
17,Rubens  Barrichello ,BRA,Jordan Hart,2.0,1993,BAR,273
19,Fabrizio  Barbazza ,ITA,Minardi Ford,2.0,1993,BAR,274
20,Alessandro  Zanardi ,ITA,Lotus Ford,1.0,1993,ZAN,275
20,Erik  Comas ,FRA,Larrousse Lamborghini,1.0,1993,COM,268
20,Eddie  Irvine ,GBR,Jordan Hart,1.0,1993,IRV,276
1,Michael  Schumacher ,GER,Benetton Ford,92.0,1994,MSC,263
2,Damon  Hill ,GBR,Williams Renault,91.0,1994,HIL,271
3,Gerhard  Berger ,AUT,Ferrari,41.0,1994,BER,240
4,Mika  Hakkinen ,FIN,McLaren Peugeot,26.0,1994,HAK,264
5,Jean  Alesi ,FRA,Ferrari,24.0,1994,ALE,251
6,Rubens  Barrichello ,BRA,Jordan Hart,19.0,1994,BAR,273
7,Martin  Brundle ,GBR,McLaren Peugeot,16.0,1994,BRU,241
8,David  Coulthard ,GBR,Williams Renault,14.0,1994,COU,277
9,Nigel  Mansell ,GBR,Williams Renault,13.0,1994,MAN,220
10,Jos  Verstappen ,NED,Benetton Ford,10.0,1994,VER,278
11,Olivier  Panis ,FRA,Ligier Renault,9.0,1994,PAN,279
12,Mark  Blundell ,GBR,Tyrrell Yamaha,8.0,1994,BLU,266
13,Heinz-Harald  Frentzen ,GER,Sauber Mercedes,7.0,1994,FRE,280
14,Nicola  Larini ,ITA,Ferrari,6.0,1994,LAR,281
15,Christian  Fittipaldi ,BRA,Footwork Ford,6.0,1994,FIT,270
16,Eddie  Irvine ,GBR,Jordan Hart,6.0,1994,IRV,276
17,Ukyo  Katayama ,JPN,Tyrrell Yamaha,5.0,1994,KAT,282
18,Eric  Bernard ,FRA,Lotus Mugen Honda,4.0,1994,BER,260
19,Karl  Wendlinger ,AUT,Sauber Mercedes,4.0,1994,WEN,269
20,Andrea  de Cesaris ,ITA,Sauber Mercedes,4.0,1994,DEC,222
21,Pierluigi  Martini ,ITA,Minardi Ford,4.0,1994,MAR,250
22,Gianni  Morbidelli ,ITA,Footwork Ford,3.0,1994,MOR,267
23,Erik  Comas ,FRA,Larrousse Ford,2.0,1994,COM,268
24,Michele  Alboreto ,ITA,Minardi Ford,1.0,1994,ALB,225
25,Jyrki  Jarvilehto ,FIN,Sauber Mercedes,1.0,1994,JAR,261
1,Michael  Schumacher ,GER,Benetton Renault,102.0,1995,MSC,263
2,Damon  Hill ,GBR,Williams Renault,69.0,1995,HIL,271
3,David  Coulthard ,GBR,Williams Renault,49.0,1995,COU,277
4,Johnny  Herbert ,GBR,Benetton Renault,45.0,1995,HER,252
5,Jean  Alesi ,FRA,Ferrari,42.0,1995,ALE,251
6,Gerhard  Berger ,AUT,Ferrari,31.0,1995,BER,240
7,Mika  Hakkinen ,FIN,McLaren Mercedes,17.0,1995,HAK,264
8,Olivier  Panis ,FRA,Ligier Mugen Honda,16.0,1995,PAN,279
9,Heinz-Harald  Frentzen ,GER,Sauber Ford,15.0,1995,FRE,280
10,Mark  Blundell ,GBR,McLaren Mercedes,13.0,1995,BLU,266
11,Rubens  Barrichello ,BRA,Jordan Peugeot,11.0,1995,BAR,273
12,Eddie  Irvine ,GBR,Jordan Peugeot,10.0,1995,IRV,276
13,Martin  Brundle ,GBR,Ligier Mugen Honda,7.0,1995,BRU,241
14,Gianni  Morbidelli ,ITA,Footwork Hart,5.0,1995,MOR,267
15,Mika  Salo ,FIN,Tyrrell Yamaha,5.0,1995,SAL,283
16,Jean-Christophe  Boullion ,FRA,Sauber Ford,3.0,1995,BOU,284
17,Aguri  Suzuki ,JPN,Ligier Mugen Honda,1.0,1995,SUZ,259
18,Pedro  Lamy ,POR,Minardi Ford,1.0,1995,LAM,285
1,Damon  Hill ,GBR,Williams Renault,97.0,1996,HIL,271
2,Jacques  Villeneuve ,CAN,Williams Renault,78.0,1996,VIL,286
3,Michael  Schumacher ,GER,Ferrari,59.0,1996,MSC,263
4,Jean  Alesi ,FRA,Benetton Renault,47.0,1996,ALE,251
5,Mika  Hakkinen ,FIN,McLaren Mercedes,31.0,1996,HAK,264
6,Gerhard  Berger ,AUT,Benetton Renault,21.0,1996,BER,240
7,David  Coulthard ,GBR,McLaren Mercedes,18.0,1996,COU,277
8,Rubens  Barrichello ,BRA,Jordan Peugeot,14.0,1996,BAR,273
9,Olivier  Panis ,FRA,Ligier Mugen Honda,13.0,1996,PAN,279
10,Eddie  Irvine ,GBR,Ferrari,11.0,1996,IRV,276
11,Martin  Brundle ,GBR,Jordan Peugeot,8.0,1996,BRU,241
12,Heinz-Harald  Frentzen ,GER,Sauber Ford,7.0,1996,FRE,280
13,Mika  Salo ,FIN,Tyrrell Yamaha,5.0,1996,SAL,283
14,Johnny  Herbert ,GBR,Sauber Ford,4.0,1996,HER,252
15,Pedro  Diniz ,BRA,Ligier Mugen Honda,2.0,1996,DIN,287
16,Jos  Verstappen ,NED,Footwork Hart,1.0,1996,VER,278
1,Jacques  Villeneuve ,CAN,Williams Renault,81.0,1997,VIL,286
0,Michael  Schumacher ,GER,Ferrari,78.0,1997,MSC,263
2,Heinz-Harald  Frentzen ,GER,Williams Renault,42.0,1997,FRE,280
3,David  Coulthard ,GBR,McLaren Mercedes,36.0,1997,COU,277
4,Jean  Alesi ,FRA,Benetton Renault,36.0,1997,ALE,251
5,Gerhard  Berger ,AUT,Benetton Renault,27.0,1997,BER,240
6,Mika  Hakkinen ,FIN,McLaren Mercedes,27.0,1997,HAK,264
7,Eddie  Irvine ,GBR,Ferrari,24.0,1997,IRV,276
8,Giancarlo  Fisichella ,ITA,Jordan Peugeot,20.0,1997,FIS,288
9,Olivier  Panis ,FRA,Prost Mugen Honda,16.0,1997,PAN,279
10,Johnny  Herbert ,GBR,Sauber Petronas,15.0,1997,HER,252
11,Ralf  Schumacher ,GER,Jordan Peugeot,13.0,1997,RSC,289
12,Damon  Hill ,GBR,Arrows Yamaha,7.0,1997,HIL,271
13,Rubens  Barrichello ,BRA,Stewart Ford,6.0,1997,BAR,273
14,Alexander  Wurz ,AUT,Benetton Renault,4.0,1997,WUR,290
15,Jarno  Trulli ,ITA,Prost Mugen Honda,3.0,1997,TRU,291
16,Mika  Salo ,FIN,Tyrrell Ford,2.0,1997,SAL,283
17,Pedro  Diniz ,BRA,Arrows Yamaha,2.0,1997,DIN,287
18,Shinji  Nakano ,JPN,Prost Mugen Honda,2.0,1997,NAK,292
19,Nicola  Larini ,ITA,Sauber Petronas,1.0,1997,LAR,281
1,Mika  Hakkinen ,FIN,McLaren Mercedes,100.0,1998,HAK,264
2,Michael  Schumacher ,GER,Ferrari,86.0,1998,MSC,263
3,David  Coulthard ,GBR,McLaren Mercedes,56.0,1998,COU,277
4,Eddie  Irvine ,GBR,Ferrari,47.0,1998,IRV,276
5,Jacques  Villeneuve ,CAN,Williams Mecachrome,21.0,1998,VIL,286
6,Damon  Hill ,GBR,Jordan Mugen Honda,20.0,1998,HIL,271
7,Heinz-Harald  Frentzen ,GER,Williams Mecachrome,17.0,1998,FRE,280
8,Alexander  Wurz ,AUT,Benetton Playlife,17.0,1998,WUR,290
9,Giancarlo  Fisichella ,ITA,Benetton Playlife,16.0,1998,FIS,288
10,Ralf  Schumacher ,GER,Jordan Mugen Honda,14.0,1998,RSC,289
11,Jean  Alesi ,FRA,Sauber Petronas,9.0,1998,ALE,251
12,Rubens  Barrichello ,BRA,Stewart Ford,4.0,1998,BAR,273
13,Mika  Salo ,FIN,Arrows,3.0,1998,SAL,283
14,Pedro  Diniz ,BRA,Arrows,3.0,1998,DIN,287
15,Johnny  Herbert ,GBR,Sauber Petronas,1.0,1998,HER,252
16,Jan  Magnussen ,DEN,Stewart Ford,1.0,1998,MAG,293
17,Jarno  Trulli ,ITA,Prost Peugeot,1.0,1998,TRU,291
18,Ricardo  Rosset ,BRA,Tyrrell Ford,0.0,1998,ROS,294
19,Olivier  Panis ,FRA,Prost Peugeot,0.0,1998,PAN,279
20,Toranosuke  Takagi ,JPN,Tyrrell Ford,0.0,1998,TAK,295
21,Shinji  Nakano ,JPN,Minardi Ford,0.0,1998,NAK,292
22,Esteban  Tuero ,ARG,Minardi Ford,0.0,1998,TUE,296
23,Jos  Verstappen ,NED,Stewart Ford,0.0,1998,VER,278
1,Mika  Hakkinen ,FIN,McLaren Mercedes,76.0,1999,HAK,264
2,Eddie  Irvine ,GBR,Ferrari,74.0,1999,IRV,276
3,Heinz-Harald  Frentzen ,GER,Jordan Mugen Honda,54.0,1999,FRE,280
4,David  Coulthard ,GBR,McLaren Mercedes,48.0,1999,COU,277
5,Michael  Schumacher ,GER,Ferrari,44.0,1999,MSC,263
6,Ralf  Schumacher ,GER,Williams Supertec,35.0,1999,RSC,289
7,Rubens  Barrichello ,BRA,Stewart Ford,21.0,1999,BAR,273
8,Johnny  Herbert ,GBR,Stewart Ford,15.0,1999,HER,252
9,Giancarlo  Fisichella ,ITA,Benetton Playlife,13.0,1999,FIS,288
10,Mika  Salo ,FIN,Ferrari,10.0,1999,SAL,283
11,Jarno  Trulli ,ITA,Prost Peugeot,7.0,1999,TRU,291
12,Damon  Hill ,GBR,Jordan Mugen Honda,7.0,1999,HIL,271
13,Alexander  Wurz ,AUT,Benetton Playlife,3.0,1999,WUR,290
14,Pedro  Diniz ,BRA,Sauber Petronas,3.0,1999,DIN,287
15,Olivier  Panis ,FRA,Prost Peugeot,2.0,1999,PAN,279
16,Jean  Alesi ,FRA,Sauber Petronas,2.0,1999,ALE,251
17,Pedro  de la Rosa ,ESP,Arrows,1.0,1999,DLR,297
18,Marc  Gene ,ESP,Minardi Ford,1.0,1999,GEN,298
1,Michael  Schumacher ,GER,Ferrari,108.0,2000,MSC,263
2,Mika  Hakkinen ,FIN,McLaren Mercedes,89.0,2000,HAK,264
3,David  Coulthard ,GBR,McLaren Mercedes,73.0,2000,COU,277
4,Rubens  Barrichello ,BRA,Ferrari,62.0,2000,BAR,273
5,Ralf  Schumacher ,GER,Williams BMW,24.0,2000,RSC,289
6,Giancarlo  Fisichella ,ITA,Benetton Playlife,18.0,2000,FIS,288
7,Jacques  Villeneuve ,CAN,BAR Honda,17.0,2000,VIL,286
8,Jenson  Button ,GBR,Williams BMW,12.0,2000,BUT,299
9,Heinz-Harald  Frentzen ,GER,Jordan Mugen Honda,11.0,2000,FRE,280
10,Jarno  Trulli ,ITA,Jordan Mugen Honda,6.0,2000,TRU,291
11,Mika  Salo ,FIN,Sauber Petronas,6.0,2000,SAL,283
12,Jos  Verstappen ,NED,Arrows Supertec,5.0,2000,VER,278
13,Eddie  Irvine ,GBR,Jaguar Cosworth,4.0,2000,IRV,276
14,Ricardo  Zonta ,BRA,BAR Honda,3.0,2000,ZON,300
15,Alexander  Wurz ,AUT,Benetton Playlife,2.0,2000,WUR,290
16,Pedro  de la Rosa ,ESP,Arrows Supertec,2.0,2000,DLR,297
17,Pedro  Diniz ,BRA,Sauber Petronas,0.0,2000,DIN,287
18,Johnny  Herbert ,GBR,Jaguar Cosworth,0.0,2000,HER,252
19,Marc  Gene ,ESP,Minardi Fondmetal,0.0,2000,GEN,298
20,Gaston  Mazzacane ,ARG,Minardi Fondmetal,0.0,2000,MAZ,301
21,Nick  Heidfeld ,GER,Prost Peugeot,0.0,2000,HEI,302
22,Jean  Alesi ,FRA,Prost Peugeot,0.0,2000,ALE,251
23,Luciano  Burti ,BRA,Jaguar Cosworth,0.0,2000,BUR,303
1,Michael  Schumacher ,GER,Ferrari,123.0,2001,MSC,263
2,David  Coulthard ,GBR,McLaren Mercedes,65.0,2001,COU,277
3,Rubens  Barrichello ,BRA,Ferrari,56.0,2001,BAR,273
4,Ralf  Schumacher ,GER,Williams BMW,49.0,2001,RSC,289
5,Mika  Hakkinen ,FIN,McLaren Mercedes,37.0,2001,HAK,264
6,Juan Pablo  Montoya ,COL,Williams BMW,31.0,2001,MOY,304
7,Jacques  Villeneuve ,CAN,BAR Honda,12.0,2001,VIL,286
8,Nick  Heidfeld ,GER,Sauber Petronas,12.0,2001,HEI,302
9,Jarno  Trulli ,ITA,Jordan Honda,12.0,2001,TRU,291
10,Kimi Raikkonen,FIN,Sauber Petronas,9.0,2001,RAI,305
11,Giancarlo  Fisichella ,ITA,Benetton Renault,8.0,2001,FIS,288
12,Eddie  Irvine ,GBR,Jaguar Cosworth,6.0,2001,IRV,276
13,Heinz-Harald  Frentzen ,GER,Prost Acer,6.0,2001,FRE,280
14,Olivier  Panis ,FRA,BAR Honda,5.0,2001,PAN,279
15,Jean  Alesi ,FRA,Jordan Honda,5.0,2001,ALE,251
16,Pedro  de la Rosa ,ESP,Jaguar Cosworth,3.0,2001,DLR,297
17,Jenson  Button ,GBR,Benetton Renault,2.0,2001,BUT,299
18,Jos  Verstappen ,NED,Arrows Asiatech,1.0,2001,VER,278
1,Michael  Schumacher ,GER,Ferrari,144.0,2002,MSC,263
2,Rubens  Barrichello ,BRA,Ferrari,77.0,2002,BAR,273
3,Juan Pablo  Montoya ,COL,Williams BMW,50.0,2002,MOY,304
4,Ralf  Schumacher ,GER,Williams BMW,42.0,2002,RSC,289
5,David  Coulthard ,GBR,McLaren Mercedes,41.0,2002,COU,277
6,Kimi Raikkonen,FIN,McLaren Mercedes,24.0,2002,RAI,305
7,Jenson  Button ,GBR,Renault,14.0,2002,BUT,299
8,Jarno  Trulli ,ITA,Renault,9.0,2002,TRU,291
9,Eddie  Irvine ,GBR,Jaguar Cosworth,8.0,2002,IRV,276
10,Nick  Heidfeld ,GER,Sauber Petronas,7.0,2002,HEI,302
11,Giancarlo  Fisichella ,ITA,Jordan Honda,7.0,2002,FIS,288
12,Jacques  Villeneuve ,CAN,BAR Honda,4.0,2002,VIL,286
13,Felipe  Massa ,BRA,Sauber Petronas,4.0,2002,MAS,306
14,Olivier  Panis ,FRA,BAR Honda,3.0,2002,PAN,279
15,Takuma  Sato ,JPN,Jordan Honda,2.0,2002,SAT,307
16,Mark  Webber ,AUS,Minardi Asiatech,2.0,2002,WEB,308
17,Mika  Salo ,FIN,Toyota,2.0,2002,SAL,283
18,Heinz-Harald  Frentzen ,GER,Sauber Petronas,2.0,2002,FRE,280
19,Allan  McNish ,GBR,Toyota,0.0,2002,MCN,309
20,Alex  Yoong ,MAS,Minardi Asiatech,0.0,2002,YOO,310
21,Pedro  de la Rosa ,ESP,Jaguar Cosworth,0.0,2002,DLR,297
22,Enrique  Bernoldi ,BRA,Arrows Cosworth,0.0,2002,BER,311
1,Michael  Schumacher ,GER,Ferrari,93.0,2003,MSC,263
2,Kimi Raikkonen,FIN,McLaren Mercedes,91.0,2003,RAI,305
3,Juan Pablo  Montoya ,COL,Williams BMW,82.0,2003,MOY,304
4,Rubens  Barrichello ,BRA,Ferrari,65.0,2003,BAR,273
5,Ralf  Schumacher ,GER,Williams BMW,58.0,2003,RSC,289
6,Fernando  Alonso ,ESP,Renault,55.0,2003,ALO,312
7,David  Coulthard ,GBR,McLaren Mercedes,51.0,2003,COU,277
8,Jarno  Trulli ,ITA,Renault,33.0,2003,TRU,291
9,Jenson  Button ,GBR,BAR Honda,17.0,2003,BUT,299
10,Mark  Webber ,AUS,Jaguar Cosworth,17.0,2003,WEB,308
11,Heinz-Harald  Frentzen ,GER,Sauber Petronas,13.0,2003,FRE,280
12,Giancarlo  Fisichella ,ITA,Jordan Ford,12.0,2003,FIS,288
13,Cristiano  da Matta ,BRA,Toyota,10.0,2003,DAM,313
14,Nick  Heidfeld ,GER,Sauber Petronas,6.0,2003,HEI,302
15,Olivier  Panis ,FRA,Toyota,6.0,2003,PAN,279
16,Jacques  Villeneuve ,CAN,BAR Honda,6.0,2003,VIL,286
17,Marc  Gene ,ESP,Williams BMW,4.0,2003,GEN,298
18,Takuma  Sato ,JPN,BAR Honda,3.0,2003,SAT,307
19,Ralph  Firman ,IRL,Jordan Ford,1.0,2003,FIR,314
20,Justin  Wilson ,GBR,Jaguar Cosworth,1.0,2003,WIL,315
21,Antonio  Pizzonia ,BRA,Jaguar Cosworth,0.0,2003,PIZ,316
22,Jos  Verstappen ,NED,Minardi Cosworth,0.0,2003,VER,278
23,Nicolas  Kiesa ,DEN,Minardi Cosworth,0.0,2003,KIE,317
24,Zsolt  Baumgartner ,HUN,Jordan Ford,0.0,2003,BAU,318
1,Michael  Schumacher ,GER,Ferrari,148.0,2004,MSC,263
2,Rubens  Barrichello ,BRA,Ferrari,114.0,2004,BAR,273
3,Jenson  Button ,GBR,BAR Honda,85.0,2004,BUT,299
4,Fernando  Alonso ,ESP,Renault,59.0,2004,ALO,312
5,Juan Pablo  Montoya ,COL,Williams BMW,58.0,2004,MOY,304
6,Jarno  Trulli ,ITA,Toyota,46.0,2004,TRU,291
7,Kimi Raikkonen,FIN,McLaren Mercedes,45.0,2004,RAI,305
8,Takuma  Sato ,JPN,BAR Honda,34.0,2004,SAT,307
9,Ralf  Schumacher ,GER,Williams BMW,24.0,2004,RSC,289
10,David  Coulthard ,GBR,McLaren Mercedes,24.0,2004,COU,277
11,Giancarlo  Fisichella ,ITA,Sauber Petronas,22.0,2004,FIS,288
12,Felipe  Massa ,BRA,Sauber Petronas,12.0,2004,MAS,306
13,Mark  Webber ,AUS,Jaguar Cosworth,7.0,2004,WEB,308
14,Olivier  Panis ,FRA,Toyota,6.0,2004,PAN,279
15,Antonio  Pizzonia ,BRA,Williams BMW,6.0,2004,PIZ,316
16,Christian  Klien ,AUT,Jaguar Cosworth,3.0,2004,KLI,319
17,Cristiano  da Matta ,BRA,Toyota,3.0,2004,DAM,313
18,Nick  Heidfeld ,GER,Jordan Ford,3.0,2004,HEI,302
19,Timo  Glock ,GER,Jordan Ford,2.0,2004,GLO,320
20,Zsolt  Baumgartner ,HUN,Minardi Cosworth,1.0,2004,BAU,318
21,Jacques  Villeneuve ,CAN,Renault,0.0,2004,VIL,286
22,Ricardo  Zonta ,BRA,Toyota,0.0,2004,ZON,300
23,Marc  Gene ,ESP,Williams BMW,0.0,2004,GEN,298
24,Giorgio  Pantano ,ITA,Jordan Ford,0.0,2004,PAN,321
25,Gianmaria  Bruni ,ITA,Minardi Cosworth,0.0,2004,BRU,322
1,Fernando  Alonso ,ESP,Renault,133.0,2005,ALO,312
2,Kimi Raikkonen,FIN,McLaren Mercedes,112.0,2005,RAI,305
3,Michael  Schumacher ,GER,Ferrari,62.0,2005,MSC,263
4,Juan Pablo  Montoya ,COL,McLaren Mercedes,60.0,2005,MOY,304
5,Giancarlo  Fisichella ,ITA,Renault,58.0,2005,FIS,288
6,Ralf  Schumacher ,GER,Toyota,45.0,2005,RSC,289
7,Jarno  Trulli ,ITA,Toyota,43.0,2005,TRU,291
8,Rubens  Barrichello ,BRA,Ferrari,38.0,2005,BAR,273
9,Jenson  Button ,GBR,BAR Honda,37.0,2005,BUT,299
10,Mark  Webber ,AUS,Williams BMW,36.0,2005,WEB,308
11,Nick  Heidfeld ,GER,Williams BMW,28.0,2005,HEI,302
12,David  Coulthard ,GBR,RBR Cosworth,24.0,2005,COU,277
13,Felipe  Massa ,BRA,Sauber Petronas,11.0,2005,MAS,306
14,Jacques  Villeneuve ,CAN,Sauber Petronas,9.0,2005,VIL,286
15,Christian  Klien ,AUT,RBR Cosworth,9.0,2005,KLI,319
16,Tiago  Monteiro ,POR,Jordan Toyota,7.0,2005,MON,323
17,Alexander  Wurz ,AUT,McLaren Mercedes,6.0,2005,WUR,290
18,Narain  Karthikeyan ,IND,Jordan Toyota,5.0,2005,KAR,324
19,Christijan  Albers ,NED,Minardi Cosworth,4.0,2005,ALB,325
20,Pedro  de la Rosa ,ESP,McLaren Mercedes,4.0,2005,DLR,297
21,Patrick  Friesacher,AUT,Minardi Cosworth,3.0,2005,FRI,326
22,Antonio  Pizzonia ,BRA,Williams BMW,2.0,2005,PIZ,316
23,Takuma  Sato ,JPN,BAR Honda,1.0,2005,SAT,307
24,Vitantonio  Liuzzi ,ITA,RBR Cosworth,1.0,2005,LIU,327
25,Robert  Doornbos ,MON,Minardi Cosworth,0.0,2005,DOO,328
1,Fernando  Alonso ,ESP,Renault,134.0,2006,ALO,312
2,Michael  Schumacher ,GER,Ferrari,121.0,2006,MSC,263
3,Felipe  Massa ,BRA,Ferrari,80.0,2006,MAS,306
4,Giancarlo  Fisichella ,ITA,Renault,72.0,2006,FIS,288
5,Kimi Raikkonen,FIN,McLaren Mercedes,65.0,2006,RAI,305
6,Jenson  Button ,GBR,Honda,56.0,2006,BUT,299
7,Rubens  Barrichello ,BRA,Honda,30.0,2006,BAR,273
8,Juan Pablo  Montoya ,COL,McLaren Mercedes,26.0,2006,MOY,304
9,Nick  Heidfeld ,GER,Sauber BMW,23.0,2006,HEI,302
10,Ralf  Schumacher ,GER,Toyota,20.0,2006,RSC,289
11,Pedro  de la Rosa ,ESP,McLaren Mercedes,19.0,2006,DLR,297
12,Jarno  Trulli ,ITA,Toyota,15.0,2006,TRU,291
13,David  Coulthard ,GBR,RBR Ferrari,14.0,2006,COU,277
14,Mark  Webber ,AUS,Williams Cosworth,7.0,2006,WEB,308
15,Jacques  Villeneuve ,CAN,Sauber BMW,7.0,2006,VIL,286
16,Robert  Kubica ,POL,Sauber BMW,6.0,2006,KUB,329
17,Nico  Rosberg ,GER,Williams Cosworth,4.0,2006,ROS,330
18,Christian  Klien ,AUT,RBR Ferrari,2.0,2006,KLI,319
19,Vitantonio  Liuzzi ,ITA,STR Cosworth,1.0,2006,LIU,327
20,Scott  Speed ,USA,STR Cosworth,0.0,2006,SPE,331
21,Tiago  Monteiro ,POR,MF1 Toyota,0.0,2006,MON,323
22,Christijan  Albers ,NED,MF1 Toyota,0.0,2006,ALB,325
23,Takuma  Sato ,JPN,Super Aguri Honda,0.0,2006,SAT,307
24,Robert  Doornbos ,NED,RBR Ferrari,0.0,2006,DOO,328
25,Yuji  Ide ,JPN,Super Aguri Honda,0.0,2006,IDE,332
26,Sakon  Yamamoto ,JPN,Super Aguri Honda,0.0,2006,YAM,333
27,Franck  Montagny ,FRA,Super Aguri Honda,0.0,2006,MON,334
1,Kimi Raikkonen,FIN,Ferrari,110.0,2007,RAI,305
2,Lewis  Hamilton ,GBR,McLaren Mercedes,109.0,2007,HAM,335
3,Fernando  Alonso ,ESP,McLaren Mercedes,109.0,2007,ALO,312
4,Felipe  Massa ,BRA,Ferrari,94.0,2007,MAS,306
5,Nick  Heidfeld ,GER,Sauber BMW,61.0,2007,HEI,302
6,Robert  Kubica ,POL,Sauber BMW,39.0,2007,KUB,329
7,Heikki  Kovalainen ,FIN,Renault,30.0,2007,KOV,336
8,Giancarlo  Fisichella ,ITA,Renault,21.0,2007,FIS,288
9,Nico  Rosberg ,GER,Williams Toyota,20.0,2007,ROS,330
10,David  Coulthard ,GBR,Red Bull Renault,14.0,2007,COU,277
11,Alexander  Wurz ,AUT,Williams Toyota,13.0,2007,WUR,290
12,Mark  Webber ,AUS,Red Bull Renault,10.0,2007,WEB,308
13,Jarno  Trulli ,ITA,Toyota,8.0,2007,TRU,291
14,Sebastian  Vettel ,GER,STR Ferrari,6.0,2007,VET,337
15,Jenson  Button ,GBR,Honda,6.0,2007,BUT,299
16,Ralf  Schumacher ,GER,Toyota,5.0,2007,RSC,289
17,Takuma  Sato ,JPN,Super Aguri Honda,4.0,2007,SAT,307
18,Vitantonio  Liuzzi ,ITA,STR Ferrari,3.0,2007,LIU,327
19,Adrian  Sutil ,GER,Spyker Ferrari,1.0,2007,SUT,338
20,Rubens  Barrichello ,BRA,Honda,0.0,2007,BAR,273
21,Scott  Speed ,USA,STR Ferrari,0.0,2007,SPE,331
22,Kazuki  Nakajima ,JPN,Williams Toyota,0.0,2007,NAK,339
23,Anthony  Davidson ,GBR,Super Aguri Honda,0.0,2007,DAV,340
24,Sakon  Yamamoto ,JPN,Spyker Ferrari,0.0,2007,YAM,333
25,Christijan  Albers ,NED,Spyker Ferrari,0.0,2007,ALB,325
1,Lewis  Hamilton ,GBR,McLaren Mercedes,98.0,2008,HAM,335
2,Felipe  Massa ,BRA,Ferrari,97.0,2008,MAS,306
3,Kimi Raikkonen,FIN,Ferrari,75.0,2008,RAI,305
4,Robert  Kubica ,POL,Sauber BMW,75.0,2008,KUB,329
5,Fernando  Alonso ,ESP,Renault,61.0,2008,ALO,312
6,Nick  Heidfeld ,GER,Sauber BMW,60.0,2008,HEI,302
7,Heikki  Kovalainen ,FIN,McLaren Mercedes,53.0,2008,KOV,336
8,Sebastian  Vettel ,GER,STR Ferrari,35.0,2008,VET,337
9,Jarno  Trulli ,ITA,Toyota,31.0,2008,TRU,291
10,Timo  Glock ,GER,Toyota,25.0,2008,GLO,320
11,Mark  Webber ,AUS,Red Bull Renault,21.0,2008,WEB,308
12,Nelson  Piquet ,BRA,Renault,19.0,2008,PIQ,214
13,Nico  Rosberg ,GER,Williams Toyota,17.0,2008,ROS,330
14,Rubens  Barrichello ,BRA,Honda,11.0,2008,BAR,273
15,Kazuki  Nakajima ,JPN,Williams Toyota,9.0,2008,NAK,339
16,David  Coulthard ,GBR,Red Bull Renault,8.0,2008,COU,277
17,Sebastien  Bourdais ,FRA,STR Ferrari,4.0,2008,BOU,341
18,Jenson  Button ,GBR,Honda,3.0,2008,BUT,299
19,Giancarlo  Fisichella ,ITA,Force India Ferrari,0.0,2008,FIS,288
20,Adrian  Sutil ,GER,Force India Ferrari,0.0,2008,SUT,338
21,Takuma  Sato ,JPN,Super Aguri Honda,0.0,2008,SAT,307
22,Anthony  Davidson ,GBR,Super Aguri Honda,0.0,2008,DAV,340
1,Jenson  Button ,GBR,Brawn Mercedes,95.0,2009,BUT,299
2,Sebastian  Vettel ,GER,RBR Renault,84.0,2009,VET,337
3,Rubens  Barrichello ,BRA,Brawn Mercedes,77.0,2009,BAR,273
4,Mark  Webber ,AUS,RBR Renault,69.5,2009,WEB,308
5,Lewis  Hamilton ,GBR,McLaren Mercedes,49.0,2009,HAM,335
6,Kimi Raikkonen,FIN,Ferrari,48.0,2009,RAI,305
7,Nico  Rosberg ,GER,Williams Toyota,34.5,2009,ROS,330
8,Jarno  Trulli ,ITA,Toyota,32.5,2009,TRU,291
9,Fernando  Alonso ,ESP,Renault,26.0,2009,ALO,312
10,Timo  Glock ,GER,Toyota,24.0,2009,GLO,320
11,Felipe  Massa ,BRA,Ferrari,22.0,2009,MAS,306
12,Heikki  Kovalainen ,FIN,McLaren Mercedes,22.0,2009,KOV,336
13,Nick  Heidfeld ,GER,Sauber BMW,19.0,2009,HEI,302
14,Robert  Kubica ,POL,Sauber BMW,17.0,2009,KUB,329
15,Giancarlo  Fisichella ,ITA,Ferrari,8.0,2009,FIS,288
16,Sebastien  Buemi ,SUI,STR Ferrari,6.0,2009,BUE,342
17,Adrian  Sutil ,GER,Force India Mercedes,5.0,2009,SUT,338
18,Kamui  Kobayashi ,JPN,Toyota,3.0,2009,KOB,343
19,Sebastien  Bourdais ,FRA,STR Ferrari,2.0,2009,BOU,341
20,Kazuki  Nakajima ,JPN,Williams Toyota,0.0,2009,NAK,339
21,Nelson  Piquet ,BRA,Renault,0.0,2009,PIQ,214
22,Vitantonio  Liuzzi ,ITA,Force India Mercedes,0.0,2009,LIU,327
23,Romain  Grosjean ,FRA,Renault,0.0,2009,GRO,344
24,Jaime  Alguersuari ,ESP,STR Ferrari,0.0,2009,ALG,345
25,Luca  Badoer ,ITA,Ferrari,0.0,2009,BAD,346
1,Sebastian  Vettel ,GER,RBR Renault,256.0,2010,VET,337
2,Fernando  Alonso ,ESP,Ferrari,252.0,2010,ALO,312
3,Mark  Webber ,AUS,RBR Renault,242.0,2010,WEB,308
4,Lewis  Hamilton ,GBR,McLaren Mercedes,240.0,2010,HAM,335
5,Jenson  Button ,GBR,McLaren Mercedes,214.0,2010,BUT,299
6,Felipe  Massa ,BRA,Ferrari,144.0,2010,MAS,306
7,Nico  Rosberg ,GER,Mercedes,142.0,2010,ROS,330
8,Robert  Kubica ,POL,Renault,136.0,2010,KUB,329
9,Michael  Schumacher ,GER,Mercedes,72.0,2010,MSC,263
10,Rubens  Barrichello ,BRA,Williams Cosworth,47.0,2010,BAR,273
11,Adrian  Sutil ,GER,Force India Mercedes,47.0,2010,SUT,338
12,Kamui  Kobayashi ,JPN,Sauber Ferrari,32.0,2010,KOB,343
13,Vitaly  Petrov ,RUS,Renault,27.0,2010,PET,347
14,Nico  Hulkenberg ,GER,Williams Cosworth,22.0,2010,HUL,348
15,Vitantonio  Liuzzi ,ITA,Force India Mercedes,21.0,2010,LIU,327
16,Sebastien  Buemi ,SUI,STR Ferrari,8.0,2010,BUE,342
17,Pedro  de la Rosa ,ESP,Sauber Ferrari,6.0,2010,DLR,297
18,Nick  Heidfeld ,GER,Sauber Ferrari,6.0,2010,HEI,302
19,Jaime  Alguersuari ,ESP,STR Ferrari,5.0,2010,ALG,345
20,Heikki  Kovalainen ,FIN,Lotus Cosworth,0.0,2010,KOV,336
21,Jarno  Trulli ,ITA,Lotus Cosworth,0.0,2010,TRU,291
22,Karun  Chandhok ,IND,HRT Cosworth,0.0,2010,CHD,349
23,Bruno  Senna ,BRA,HRT Cosworth,0.0,2010,SEN,350
24,Lucas  di Grassi ,BRA,Virgin Cosworth,0.0,2010,DIG,351
25,Timo  Glock ,GER,Virgin Cosworth,0.0,2010,GLO,320
26,Sakon  Yamamoto ,JPN,HRT Cosworth,0.0,2010,YAM,333
27,Christian  Klien ,AUT,HRT Cosworth,0.0,2010,KLI,319
1,Sebastian  Vettel ,GER,Red Bull Racing Renault,392.0,2011,VET,337
2,Jenson  Button ,GBR,McLaren Mercedes,270.0,2011,BUT,299
3,Mark  Webber ,AUS,Red Bull Racing Renault,258.0,2011,WEB,308
4,Fernando  Alonso ,ESP,Ferrari,257.0,2011,ALO,312
5,Lewis  Hamilton ,GBR,McLaren Mercedes,227.0,2011,HAM,335
6,Felipe  Massa ,BRA,Ferrari,118.0,2011,MAS,306
7,Nico  Rosberg ,GER,Mercedes,89.0,2011,ROS,330
8,Michael  Schumacher ,GER,Mercedes,76.0,2011,MSC,263
9,Adrian  Sutil ,GER,Force India Mercedes,42.0,2011,SUT,338
10,Vitaly  Petrov ,RUS,Renault,37.0,2011,PET,347
11,Nick  Heidfeld ,GER,Renault,34.0,2011,HEI,302
12,Kamui  Kobayashi ,JPN,Sauber Ferrari,30.0,2011,KOB,343
13,Paul  di Resta ,GBR,Force India Mercedes,27.0,2011,DIR,352
14,Jaime  Alguersuari ,ESP,STR Ferrari,26.0,2011,ALG,345
15,Sebastien  Buemi ,SUI,STR Ferrari,15.0,2011,BUE,342
16,Sergio  Perez ,MEX,Sauber Ferrari,14.0,2011,PER,353
17,Rubens  Barrichello ,BRA,Williams Cosworth,4.0,2011,BAR,273
18,Bruno  Senna ,BRA,Renault,2.0,2011,SEN,350
19,Pastor  Maldonado ,VEN,Williams Cosworth,1.0,2011,MAL,354
20,Pedro  de la Rosa ,ESP,Sauber Ferrari,0.0,2011,DLR,297
21,Jarno  Trulli ,ITA,Lotus Renault,0.0,2011,TRU,291
22,Heikki  Kovalainen ,FIN,Lotus Renault,0.0,2011,KOV,336
23,Vitantonio  Liuzzi ,ITA,HRT Cosworth,0.0,2011,LIU,327
24,Jerome  d'Ambrosio ,BEL,Virgin Cosworth,0.0,2011,DAM,355
25,Timo  Glock ,GER,Virgin Cosworth,0.0,2011,GLO,320
26,Narain  Karthikeyan ,IND,HRT Cosworth,0.0,2011,KAR,324
27,Daniel  Ricciardo ,AUS,HRT Cosworth,0.0,2011,RIC,356
28,Karun  Chandhok ,IND,Lotus Renault,0.0,2011,CHD,349
1,Sebastian  Vettel ,GER,Red Bull Racing Renault,281.0,2012,VET,337
2,Fernando  Alonso ,ESP,Ferrari,278.0,2012,ALO,312
3,Kimi Raikkonen,FIN,Lotus Renault,207.0,2012,RAI,305
4,Lewis  Hamilton ,GBR,McLaren Mercedes,190.0,2012,HAM,335
5,Jenson  Button ,GBR,McLaren Mercedes,188.0,2012,BUT,299
6,Mark  Webber ,AUS,Red Bull Racing Renault,179.0,2012,WEB,308
7,Felipe  Massa ,BRA,Ferrari,122.0,2012,MAS,306
8,Romain  Grosjean ,FRA,Lotus Renault,96.0,2012,GRO,344
9,Nico  Rosberg ,GER,Mercedes,93.0,2012,ROS,330
10,Sergio  Perez ,MEX,Sauber Ferrari,66.0,2012,PER,353
11,Nico  Hulkenberg ,GER,Force India Mercedes,63.0,2012,HUL,348
12,Kamui  Kobayashi ,JPN,Sauber Ferrari,60.0,2012,KOB,343
13,Michael  Schumacher ,GER,Mercedes,49.0,2012,MSC,263
14,Paul  di Resta ,GBR,Force India Mercedes,46.0,2012,DIR,352
15,Pastor  Maldonado ,VEN,Williams Renault,45.0,2012,MAL,354
16,Bruno  Senna ,BRA,Williams Renault,31.0,2012,SEN,350
17,Jean-Eric  Vergne ,FRA,STR Ferrari,16.0,2012,VER,357
18,Daniel  Ricciardo ,AUS,STR Ferrari,10.0,2012,RIC,356
19,Vitaly  Petrov ,RUS,Caterham Renault,0.0,2012,PET,347
20,Timo  Glock ,GER,Marussia Cosworth,0.0,2012,GLO,320
21,Charles  Pic ,FRA,Marussia Cosworth,0.0,2012,PIC,358
22,Heikki  Kovalainen ,FIN,Caterham Renault,0.0,2012,KOV,336
23,Jerome  d'Ambrosio ,BEL,Lotus Renault,0.0,2012,DAM,355
24,Narain  Karthikeyan ,IND,HRT Cosworth,0.0,2012,KAR,324
25,Pedro  de la Rosa ,ESP,HRT Cosworth,0.0,2012,DLR,297
1,Sebastian  Vettel ,GER,Red Bull Racing Renault,397.0,2013,VET,337
2,Fernando  Alonso ,ESP,Ferrari,242.0,2013,ALO,312
3,Mark  Webber ,AUS,Red Bull Racing Renault,199.0,2013,WEB,308
4,Lewis  Hamilton ,GBR,Mercedes,189.0,2013,HAM,335
5,Kimi Raikkonen,FIN,Lotus Renault,183.0,2013,RAI,305
6,Nico  Rosberg ,GER,Mercedes,171.0,2013,ROS,330
7,Romain  Grosjean ,FRA,Lotus Renault,132.0,2013,GRO,344
8,Felipe  Massa ,BRA,Ferrari,112.0,2013,MAS,306
9,Jenson  Button ,GBR,McLaren Mercedes,73.0,2013,BUT,299
10,Nico  Hulkenberg ,GER,Sauber Ferrari,51.0,2013,HUL,348
11,Sergio  Perez ,MEX,McLaren Mercedes,49.0,2013,PER,353
12,Paul  di Resta ,GBR,Force India Mercedes,48.0,2013,DIR,352
13,Adrian  Sutil ,GER,Force India Mercedes,29.0,2013,SUT,338
14,Daniel  Ricciardo ,AUS,STR Ferrari,20.0,2013,RIC,356
15,Jean-Eric  Vergne ,FRA,STR Ferrari,13.0,2013,VER,357
16,Esteban  Gutierrez,MEX,Sauber Ferrari,6.0,2013,GUT,359
17,Valtteri Bottas ,FIN,Williams Renault,4.0,2013,BOT,360
18,Pastor  Maldonado ,VEN,Williams Renault,1.0,2013,MAL,354
19,Jules  Bianchi ,FRA,Marussia Cosworth,0.0,2013,BIA,361
20,Charles  Pic ,FRA,Caterham Renault,0.0,2013,PIC,358
21,Heikki  Kovalainen ,FIN,Lotus Renault,0.0,2013,KOV,336
22,Giedo  van der Garde ,NED,Caterham Renault,0.0,2013,VDG,362
23,Max  Chilton ,GBR,Marussia Cosworth,0.0,2013,CHI,363
1,Lewis  Hamilton ,GBR,Mercedes,384.0,2014,HAM,335
2,Nico  Rosberg ,GER,Mercedes,317.0,2014,ROS,330
3,Daniel  Ricciardo ,AUS,Red Bull Racing Renault,238.0,2014,RIC,356
4,Valtteri Bottas ,FIN,Williams Mercedes,186.0,2014,BOT,360
5,Sebastian  Vettel ,GER,Red Bull Racing Renault,167.0,2014,VET,337
6,Fernando  Alonso ,ESP,Ferrari,161.0,2014,ALO,312
7,Felipe  Massa ,BRA,Williams Mercedes,134.0,2014,MAS,306
8,Jenson  Button ,GBR,McLaren Mercedes,126.0,2014,BUT,299
9,Nico  Hulkenberg ,GER,Force India Mercedes,96.0,2014,HUL,348
10,Sergio  Perez ,MEX,Force India Mercedes,59.0,2014,PER,353
11,Kevin  Magnussen ,DEN,McLaren Mercedes,55.0,2014,MAG,364
12,Kimi Raikkonen,FIN,Ferrari,55.0,2014,RAI,305
13,Jean-Eric  Vergne ,FRA,STR Renault,22.0,2014,VER,357
14,Romain  Grosjean ,FRA,Lotus Renault,8.0,2014,GRO,344
15,Daniil  Kvyat ,RUS,STR Renault,8.0,2014,KVY,365
16,Pastor  Maldonado ,VEN,Lotus Renault,2.0,2014,MAL,354
17,Jules  Bianchi ,FRA,Marussia Ferrari,2.0,2014,BIA,361
18,Adrian  Sutil ,GER,Sauber Ferrari,0.0,2014,SUT,338
19,Marcus  Ericsson ,SWE,Caterham Renault,0.0,2014,ERI,366
20,Esteban  Gutierrez,MEX,Sauber Ferrari,0.0,2014,GUT,359
21,Max  Chilton ,GBR,Marussia Ferrari,0.0,2014,CHI,363
22,Kamui  Kobayashi ,JPN,Caterham Renault,0.0,2014,KOB,343
23,Will  Stevens ,GBR,Caterham Renault,0.0,2014,STE,367
1,Lewis  Hamilton ,GBR,Mercedes,381.0,2015,HAM,335
2,Nico  Rosberg ,GER,Mercedes,322.0,2015,ROS,330
3,Sebastian  Vettel ,GER,Ferrari,278.0,2015,VET,337
4,Kimi Raikkonen,FIN,Ferrari,150.0,2015,RAI,305
5,Valtteri Bottas ,FIN,Williams Mercedes,136.0,2015,BOT,360
6,Felipe  Massa ,BRA,Williams Mercedes,121.0,2015,MAS,306
7,Daniil  Kvyat ,RUS,Red Bull Racing Renault,95.0,2015,KVY,365
8,Daniel  Ricciardo ,AUS,Red Bull Racing Renault,92.0,2015,RIC,356
9,Sergio  Perez ,MEX,Force India Mercedes,78.0,2015,PER,353
10,Nico  Hulkenberg ,GER,Force India Mercedes,58.0,2015,HUL,348
11,Romain  Grosjean ,FRA,Lotus Mercedes,51.0,2015,GRO,344
12,Max  Verstappen ,NED,STR Renault,49.0,2015,VES,368
13,Felipe  Nasr ,BRA,Sauber Ferrari,27.0,2015,NAS,369
14,Pastor  Maldonado ,VEN,Lotus Mercedes,27.0,2015,MAL,354
15,Carlos  Sainz ,ESP,STR Renault,18.0,2015,SAI,370
16,Jenson  Button ,GBR,McLaren Honda,16.0,2015,BUT,299
17,Fernando  Alonso ,ESP,McLaren Honda,11.0,2015,ALO,312
18,Marcus  Ericsson ,SWE,Sauber Ferrari,9.0,2015,ERI,366
19,Roberto  Merhi ,ESP,Marussia Ferrari,0.0,2015,MER,371
20,Alexander  Rossi ,USA,Marussia Ferrari,0.0,2015,RSI,372
21,Will  Stevens ,GBR,Marussia Ferrari,0.0,2015,STE,367
1,Nico  Rosberg ,GER,Mercedes,385.0,2016,ROS,330
2,Lewis  Hamilton ,GBR,Mercedes,380.0,2016,HAM,335
3,Daniel  Ricciardo ,AUS,Red Bull Racing TAG Heuer,256.0,2016,RIC,356
4,Sebastian  Vettel ,GER,Ferrari,212.0,2016,VET,337
5,Max  Verstappen ,NED,Red Bull Racing TAG Heuer,204.0,2016,VES,368
6,Kimi Raikkonen,FIN,Ferrari,186.0,2016,RAI,305
7,Sergio  Perez ,MEX,Force India Mercedes,101.0,2016,PER,353
8,Valtteri Bottas ,FIN,Williams Mercedes,85.0,2016,BOT,360
9,Nico  Hulkenberg ,GER,Force India Mercedes,72.0,2016,HUL,348
10,Fernando  Alonso ,ESP,McLaren Honda,54.0,2016,ALO,312
11,Felipe  Massa ,BRA,Williams Mercedes,53.0,2016,MAS,306
12,Carlos  Sainz ,ESP,Toro Rosso Ferrari,46.0,2016,SAI,370
13,Romain  Grosjean ,FRA,Haas Ferrari,29.0,2016,GRO,344
14,Daniil  Kvyat ,RUS,Toro Rosso Ferrari,25.0,2016,KVY,365
15,Jenson  Button ,GBR,McLaren Honda,21.0,2016,BUT,299
16,Kevin  Magnussen ,DEN,Renault,7.0,2016,MAG,364
17,Felipe  Nasr ,BRA,Sauber Ferrari,2.0,2016,NAS,369
18,Jolyon  Palmer ,GBR,Renault,1.0,2016,PAL,373
19,Pascal  Wehrlein ,GER,MRT Mercedes,1.0,2016,WEH,374
20,Stoffel  Vandoorne ,BEL,McLaren Honda,1.0,2016,VAN,375
21,Esteban  Gutierrez,MEX,Haas Ferrari,0.0,2016,GUT,359
22,Marcus  Ericsson ,SWE,Sauber Ferrari,0.0,2016,ERI,366
23,Esteban  Ocon ,FRA,MRT Mercedes,0.0,2016,OCO,376
24,Rio  Haryanto ,INA,MRT Mercedes,0.0,2016,HAR,377
1,Lewis  Hamilton ,GBR,Mercedes,363.0,2017,HAM,335
2,Sebastian  Vettel ,GER,Ferrari,317.0,2017,VET,337
3,Valtteri Bottas ,FIN,Mercedes,305.0,2017,BOT,360
4,Kimi Raikkonen,FIN,Ferrari,205.0,2017,RAI,305
5,Daniel  Ricciardo ,AUS,Red Bull Racing TAG Heuer,200.0,2017,RIC,356
6,Max  Verstappen ,NED,Red Bull Racing TAG Heuer,168.0,2017,VER,368
7,Sergio  Perez ,MEX,Force India Mercedes,100.0,2017,PER,353
8,Esteban  Ocon ,FRA,Force India Mercedes,87.0,2017,OCO,376
9,Carlos  Sainz ,ESP,Renault,54.0,2017,SAI,370
10,Nico  Hulkenberg ,GER,Renault,43.0,2017,HUL,348
11,Felipe  Massa ,BRA,Williams Mercedes,43.0,2017,MAS,306
12,Lance  Stroll ,CAN,Williams Mercedes,40.0,2017,STR,378
13,Romain  Grosjean ,FRA,Haas Ferrari,28.0,2017,GRO,344
14,Kevin  Magnussen ,DEN,Haas Ferrari,19.0,2017,MAG,364
15,Fernando  Alonso ,ESP,McLaren Honda,17.0,2017,ALO,312
16,Stoffel  Vandoorne ,BEL,McLaren Honda,13.0,2017,VAN,375
17,Jolyon  Palmer ,GBR,Renault,8.0,2017,PAL,373
18,Pascal  Wehrlein ,GER,Sauber Ferrari,5.0,2017,WEH,374
19,Daniil  Kvyat ,RUS,Toro Rosso,5.0,2017,KVY,365
20,Marcus  Ericsson ,SWE,Sauber Ferrari,0.0,2017,ERI,366
21,Pierre  Gasly ,FRA,Toro Rosso,0.0,2017,GAS,379
22,Antonio  Giovinazzi ,ITA,Sauber Ferrari,0.0,2017,GIO,380
23,Brendon  Hartley ,NZL,Toro Rosso,0.0,2017,HAR,381
1,Lewis  Hamilton ,GBR,Mercedes,408.0,2018,HAM,335
2,Sebastian  Vettel ,GER,Ferrari,320.0,2018,VET,337
3,Kimi Raikkonen,FIN,Ferrari,251.0,2018,RAI,305
4,Max  Verstappen ,NED,Red Bull Racing TAG Heuer,249.0,2018,VER,368
5,Valtteri  Bottas ,FIN,Mercedes,247.0,2018,BOT,382
6,Daniel  Ricciardo ,AUS,Red Bull Racing TAG Heuer,170.0,2018,RIC,356
7,Nico  Hulkenberg ,GER,Renault,69.0,2018,HUL,348
8,Sergio  Perez ,MEX,Force India Mercedes,62.0,2018,PER,353
9,Kevin  Magnussen ,DEN,Haas Ferrari,56.0,2018,MAG,364
10,Carlos  Sainz ,ESP,Renault,53.0,2018,SAI,370
11,Fernando  Alonso ,ESP,McLaren Renault,50.0,2018,ALO,312
12,Esteban  Ocon ,FRA,Force India Mercedes,49.0,2018,OCO,376
13,Charles  Leclerc ,MON,Sauber Ferrari,39.0,2018,LEC,383
14,Romain  Grosjean ,FRA,Haas Ferrari,37.0,2018,GRO,344
15,Pierre  Gasly ,FRA,Scuderia Toro Rosso Honda,29.0,2018,GAS,379
16,Stoffel  Vandoorne ,BEL,McLaren Renault,12.0,2018,VAN,375
17,Marcus  Ericsson ,SWE,Sauber Ferrari,9.0,2018,ERI,366
18,Lance  Stroll ,CAN,Williams Mercedes,6.0,2018,STR,378
19,Brendon  Hartley ,NZL,Scuderia Toro Rosso Honda,4.0,2018,HAR,381
20,Sergey  Sirotkin ,RUS,Williams Mercedes,1.0,2018,SIR,384
1,Lewis  Hamilton ,GBR,Mercedes,413.0,2019,HAM,335
2,Valtteri  Bottas ,FIN,Mercedes,326.0,2019,BOT,382
3,Max  Verstappen ,NED,Red Bull Racing Honda,278.0,2019,VER,368
4,Charles  Leclerc ,MON,Ferrari,264.0,2019,LEC,383
5,Sebastian  Vettel ,GER,Ferrari,240.0,2019,VET,337
6,Carlos  Sainz ,ESP,McLaren Renault,96.0,2019,SAI,370
7,Pierre  Gasly ,FRA,Scuderia Toro Rosso Honda,95.0,2019,GAS,379
8,Alexander  Albon ,THA,Red Bull Racing Honda,92.0,2019,ALB,385
9,Daniel  Ricciardo ,AUS,Renault,54.0,2019,RIC,356
10,Sergio  Perez ,MEX,Racing Point BWT Mercedes,52.0,2019,PER,353
11,Lando  Norris ,GBR,McLaren Renault,49.0,2019,NOR,386
12,Kimi Raikkonen,FIN,Alfa Romeo Racing Ferrari,43.0,2019,RAI,305
13,Daniil  Kvyat ,RUS,Scuderia Toro Rosso Honda,37.0,2019,KVY,365
14,Nico  Hulkenberg ,GER,Renault,37.0,2019,HUL,348
15,Lance  Stroll ,CAN,Racing Point BWT Mercedes,21.0,2019,STR,378
16,Kevin  Magnussen ,DEN,Haas Ferrari,20.0,2019,MAG,364
17,Antonio  Giovinazzi ,ITA,Alfa Romeo Racing Ferrari,14.0,2019,GIO,380
18,Romain  Grosjean ,FRA,Haas Ferrari,8.0,2019,GRO,344
19,Robert  Kubica ,POL,Williams Mercedes,1.0,2019,KUB,329
20,George  Russell ,GBR,Williams Mercedes,0.0,2019,RUS,387
1,Lewis  Hamilton ,GBR,Mercedes,347.0,2020,HAM,335
2,Valtteri  Bottas ,FIN,Mercedes,223.0,2020,BOT,382
3,Max  Verstappen ,NED,Red Bull Racing Honda,214.0,2020,VER,368
4,Sergio  Perez ,MEX,Racing Point BWT Mercedes,125.0,2020,PER,353
5,Daniel  Ricciardo ,AUS,Renault,119.0,2020,RIC,356
6,Carlos  Sainz ,ESP,McLaren Renault,105.0,2020,SAI,370
7,Alexander  Albon ,THA,Red Bull Racing Honda,105.0,2020,ALB,385
8,Charles  Leclerc ,MON,Ferrari,98.0,2020,LEC,383
9,Lando  Norris ,GBR,McLaren Renault,97.0,2020,NOR,386
10,Pierre  Gasly ,FRA,AlphaTauri Honda,75.0,2020,GAS,379
11,Lance  Stroll ,CAN,Racing Point BWT Mercedes,75.0,2020,STR,378
12,Esteban  Ocon ,FRA,Renault,62.0,2020,OCO,376
13,Sebastian  Vettel ,GER,Ferrari,33.0,2020,VET,337
14,Daniil  Kvyat ,RUS,AlphaTauri Honda,32.0,2020,KVY,365
15,Nico  Hulkenberg ,GER,Racing Point BWT Mercedes,10.0,2020,HUL,348
16,Kimi Raikkonen,FIN,Alfa Romeo Racing Ferrari,4.0,2020,RAI,305
17,Antonio  Giovinazzi ,ITA,Alfa Romeo Racing Ferrari,4.0,2020,GIO,380
18,George  Russell ,GBR,Williams Mercedes,3.0,2020,RUS,387
19,Romain  Grosjean ,FRA,Haas Ferrari,2.0,2020,GRO,344
20,Kevin  Magnussen ,DEN,Haas Ferrari,1.0,2020,MAG,364
21,Nicholas  Latifi ,CAN,Williams Mercedes,0.0,2020,LAT,388
22,Jack  Aitken ,GBR,Williams Mercedes,0.0,2020,AIT,389
23,Pietro  Fittipaldi ,BRA,Haas Ferrari,0.0,2020,FIT,390
1,Max  Verstappen ,NED,Red Bull Racing Honda,395.5,2021,VER,368
2,Lewis  Hamilton ,GBR,Mercedes,387.5,2021,HAM,335
3,Valtteri  Bottas ,FIN,Mercedes,226.0,2021,BOT,382
4,Sergio  Perez ,MEX,Red Bull Racing Honda,190.0,2021,PER,353
5,Carlos  Sainz ,ESP,Ferrari,164.5,2021,SAI,370
6,Lando  Norris ,GBR,McLaren Mercedes,160.0,2021,NOR,386
7,Charles  Leclerc ,MON,Ferrari,159.0,2021,LEC,383
8,Daniel  Ricciardo ,AUS,McLaren Mercedes,115.0,2021,RIC,356
9,Pierre  Gasly ,FRA,AlphaTauri Honda,110.0,2021,GAS,379
10,Fernando  Alonso ,ESP,Alpine Renault,81.0,2021,ALO,312
11,Esteban  Ocon ,FRA,Alpine Renault,74.0,2021,OCO,376
12,Sebastian  Vettel ,GER,Aston Martin Mercedes,43.0,2021,VET,337
13,Lance  Stroll ,CAN,Aston Martin Mercedes,34.0,2021,STR,378
14,Yuki  Tsunoda ,JPN,AlphaTauri Honda,32.0,2021,TSU,391
15,George  Russell ,GBR,Williams Mercedes,16.0,2021,RUS,387
16,Kimi Raikkonen,FIN,Alfa Romeo Racing Ferrari,10.0,2021,RAI,305
17,Nicholas  Latifi ,CAN,Williams Mercedes,7.0,2021,LAT,388
18,Antonio  Giovinazzi ,ITA,Alfa Romeo Racing Ferrari,3.0,2021,GIO,380
19,Mick  Schumacher ,GER,Haas Ferrari,0.0,2021,MSC,392
20,Robert  Kubica ,POL,Alfa Romeo Racing Ferrari,0.0,2021,KUB,329
21,Nikita  Mazepin ,RAF,Haas Ferrari,0.0,2021,MAZ,393
1,Max  Verstappen ,NED,Red Bull Racing RBPT,454.0,2022,VER,368
2,Charles  Leclerc ,MON,Ferrari,308.0,2022,LEC,383
3,Sergio  Perez ,MEX,Red Bull Racing RBPT,305.0,2022,PER,353
4,George  Russell ,GBR,Mercedes,275.0,2022,RUS,387
5,Carlos  Sainz ,ESP,Ferrari,246.0,2022,SAI,370
6,Lewis  Hamilton ,GBR,Mercedes,240.0,2022,HAM,335
7,Lando  Norris ,GBR,McLaren Mercedes,122.0,2022,NOR,386
8,Esteban  Ocon ,FRA,Alpine Renault,92.0,2022,OCO,376
9,Fernando  Alonso ,ESP,Alpine Renault,81.0,2022,ALO,312
10,Valtteri  Bottas ,FIN,Alfa Romeo Ferrari,49.0,2022,BOT,382
11,Daniel  Ricciardo ,AUS,McLaren Mercedes,37.0,2022,RIC,356
12,Sebastian  Vettel ,GER,Aston Martin Aramco Mercedes,37.0,2022,VET,337
13,Kevin  Magnussen ,DEN,Haas Ferrari,25.0,2022,MAG,364
14,Pierre  Gasly ,FRA,AlphaTauri RBPT,23.0,2022,GAS,379
15,Lance  Stroll ,CAN,Aston Martin Aramco Mercedes,18.0,2022,STR,378
16,Mick  Schumacher ,GER,Haas Ferrari,12.0,2022,MSC,392
17,Yuki  Tsunoda ,JPN,AlphaTauri RBPT,12.0,2022,TSU,391
18,Zhou  Guanyu ,CHN,Alfa Romeo Ferrari,6.0,2022,ZHO,394
19,Alexander  Albon ,THA,Williams Mercedes,4.0,2022,ALB,385
20,Nicholas  Latifi ,CAN,Williams Mercedes,2.0,2022,LAT,388
21,Nyck  De Vries ,NED,Williams Mercedes,2.0,2022,DEV,395
22,Nico  Hulkenberg ,GER,Aston Martin Aramco Mercedes,0.0,2022,HUL,348
1,Max  Verstappen ,NED,Red Bull Racing Honda RBPT,575.0,2023,VER,368
2,Sergio  Perez ,MEX,Red Bull Racing Honda RBPT,285.0,2023,PER,353
3,Lewis  Hamilton ,GBR,Mercedes,234.0,2023,HAM,335
4,Fernando  Alonso ,ESP,Aston Martin Aramco Mercedes,206.0,2023,ALO,312
5,Charles  Leclerc ,MON,Ferrari,206.0,2023,LEC,383
6,Lando  Norris ,GBR,McLaren Mercedes,205.0,2023,NOR,386
7,Carlos  Sainz ,ESP,Ferrari,200.0,2023,SAI,370
8,George  Russell ,GBR,Mercedes,175.0,2023,RUS,387
9,Oscar  Piastri ,AUS,McLaren Mercedes,97.0,2023,PIA,396
10,Lance  Stroll ,CAN,Aston Martin Aramco Mercedes,74.0,2023,STR,378
11,Pierre  Gasly ,FRA,Alpine Renault,62.0,2023,GAS,379
12,Esteban  Ocon ,FRA,Alpine Renault,58.0,2023,OCO,376
13,Alexander  Albon ,THA,Williams Mercedes,27.0,2023,ALB,385
14,Yuki  Tsunoda ,JPN,AlphaTauri Honda RBPT,17.0,2023,TSU,391
15,Valtteri  Bottas ,FIN,Alfa Romeo Ferrari,10.0,2023,BOT,382
16,Nico  Hulkenberg ,GER,Haas Ferrari,9.0,2023,HUL,348
17,Daniel  Ricciardo ,AUS,AlphaTauri Honda RBPT,6.0,2023,RIC,356
18,Zhou  Guanyu ,CHN,Alfa Romeo Ferrari,6.0,2023,ZHO,394
19,Kevin  Magnussen ,DEN,Haas Ferrari,3.0,2023,MAG,364
20,Liam  Lawson ,NZL,AlphaTauri Honda RBPT,2.0,2023,LAW,397
21,Logan  Sargeant ,USA,Williams Mercedes,1.0,2023,SAR,398
22,Nyck  De Vries ,NED,AlphaTauri Honda RBPT,0.0,2023,DEV,395
1,Max  Verstappen ,NED,Red Bull Racing Honda RBPT,169.0,2024,VER,368
2,Charles  Leclerc ,MON,Ferrari,138.0,2024,LEC,383
3,Lando  Norris ,GBR,McLaren Mercedes,113.0,2024,NOR,386
4,Carlos  Sainz ,ESP,Ferrari,108.0,2024,SAI,370
5,Sergio  Perez ,MEX,Red Bull Racing Honda RBPT,107.0,2024,PER,353
6,Oscar  Piastri ,AUS,McLaren Mercedes,71.0,2024,PIA,396
7,George  Russell ,GBR,Mercedes,54.0,2024,RUS,387
8,Lewis  Hamilton ,GBR,Mercedes,42.0,2024,HAM,335
9,Fernando  Alonso ,ESP,Aston Martin Aramco Mercedes,33.0,2024,ALO,312
10,Yuki  Tsunoda ,JPN,RB Honda RBPT,19.0,2024,TSU,391
11,Lance  Stroll ,CAN,Aston Martin Aramco Mercedes,11.0,2024,STR,378
12,Oliver  Bearman ,GBR,Ferrari,6.0,2024,BEA,399
13,Nico  Hulkenberg ,GER,Haas Ferrari,6.0,2024,HUL,348
14,Daniel  Ricciardo ,AUS,RB Honda RBPT,5.0,2024,RIC,356
15,Alexander  Albon ,THA,Williams Mercedes,2.0,2024,ALB,385
16,Esteban  Ocon ,FRA,Alpine Renault,1.0,2024,OCO,376
17,Kevin  Magnussen ,DEN,Haas Ferrari,1.0,2024,MAG,364
18,Pierre  Gasly ,FRA,Alpine Renault,1.0,2024,GAS,379
19,Zhou  Guanyu ,CHN,Kick Sauber Ferrari,0.0,2024,ZHO,394
20,Valtteri  Bottas ,FIN,Kick Sauber Ferrari,0.0,2024,BOT,382
21,Logan  Sargeant ,USA,Williams Mercedes,0.0,2024,SAR,398
