driver_id,pos,driver,nationality,car,pts,year,code
1,1,Nino  Farina ,ITA,Alfa Romeo,30.0,1950,FAR
2,2,Juan Manuel  Fangio ,ARG,Alfa Romeo,27.0,1950,FAN
3,3,Luigi  Fagioli ,ITA,Alfa Romeo,24.0,1950,FAG
4,4,Louis Rosier ,FRA,Talbot-Lago,13.0,1950,ROS
5,5,Alberto  Ascari ,ITA,Ferrari,11.0,1950,ASC
6,6,Johnnie Parsons ,USA,Kurtis Kraft Offenhauser,9.0,1950,PAR
7,7,Bill  Holland ,USA,Deidt Offenhauser,6.0,1950,HOL
8,8,Prince  Bira ,THA,Maserati,5.0,1950,BIR
9,9,Reg Parnell ,GBR,Maserati,4.0,1950,PAR
10,9,Louis Chiron ,MON,Maserati,4.0,1950,CHI
11,9,Mauri Rose ,USA,Deidt Offenhauser,4.0,1950,ROS
12,9,Peter Whitehead ,GBR,Ferrari,4.0,1950,WHI
13,13,Yves Giraud  Cabantous ,FRA,Talbot-Lago,3.0,1950,CAB
14,13,Raymond Sommer ,FRA,Talbot-Lago,3.0,1950,SOM
15,13,Cecil Green ,USA,Kurtis Kraft Offenhauser,3.0,1950,GRE
16,13,Robert Manzon ,FRA,Simca-Gordini,3.0,1950,MAN
17,13,Dorino Serafini ,ITA,Ferrari,3.0,1950,SER
18,13,Philippe Etancelin ,FRA,Philippe Ã‰tancelin,3.0,1950,ETA
19,19,Felice Bonetto ,ITA,Maserati Milano,2.0,1950,BON
20,20,Tony Bettenhausen ,USA,Deidt Offenhauser,1.0,1950,BET
21,20,Joie Chitwood ,USA,Kurtis Kraft Offenhauser,1.0,1950,CHI
22,20,Eugene Chaboud ,FRA,Ecurie Lutetia,1.0,1950,CHA
2,1,Juan Manuel  Fangio ,ARG,Alfa Romeo,31.0,1951,FAN
5,2,Alberto  Ascari ,ITA,Ferrari,25.0,1951,ASC
23,3,Jose Froilan  Gonzalez ,ARG,Ferrari,24.0,1951,GON
1,4,Nino  Farina ,ITA,Alfa Romeo,19.0,1951,FAR
24,5,Luigi Villoresi ,ITA,Ferrari,15.0,1951,VIL
25,6,Piero Taruffi ,ITA,Ferrari,10.0,1951,TAR
26,7,Lee  Wallard ,USA,Kurtis Kraft Offenhauser,9.0,1951,WAL
19,8,Felice Bonetto ,ITA,Alfa Romeo,7.0,1951,BON
27,9,Mike  Nazaruk ,USA,Kurtis Kraft Offenhauser,6.0,1951,NAZ
9,10,Reg Parnell ,GBR,BRM,5.0,1951,PAR
3,11,Luigi  Fagioli ,ITA,Alfa Romeo,4.0,1951,FAG
28,12,Consalvo Sanesi ,ITA,Alfa Romeo,3.0,1951,SAN
29,12,Andy  Linden ,USA,Sherman Offenhauser,3.0,1951,LIN
4,12,Louis Rosier ,FRA,Ecurie Rosier,3.0,1951,ROS
30,15,Toulo  de Graffenried ,SUI,Alfa Romeo,2.0,1951,DEG
31,15,Manny  Ayulo ,USA,Kurtis Kraft Offenhauser,2.0,1951,AYU
32,15,Bobby  Ball ,USA,Schroeder Offenhauser,2.0,1951,BAL
33,15,Jack  McGrath ,USA,Kurtis Kraft Offenhauser,2.0,1951,MCG
13,15,Yves Giraud  Cabantous ,FRA,Talbot-Lago,2.0,1951,CAB
5,1,Alberto  Ascari ,ITA,Ferrari,36.0,1952,ASC
1,2,Nino  Farina ,ITA,Ferrari,24.0,1952,FAR
25,3,Piero Taruffi ,ITA,Ferrari,22.0,1952,TAR
34,4,Rudi Fischer,SUI,Ferrari,10.0,1952,FIS
35,4,Mike  Hawthorn ,GBR,Cooper Bristol,10.0,1952,HAW
16,6,Robert Manzon ,FRA,Gordini,9.0,1952,MAN
36,7,Troy  Ruttman ,USA,Kuzma Offenhauser,8.0,1952,RUT
24,7,Luigi Villoresi ,ITA,Ferrari,8.0,1952,VIL
23,9,Jose Froilan  Gonzalez ,ARG,Maserati,6.5,1952,GON
37,10,Jim  Rathmann ,USA,Kurtis Kraft Offenhauser,6.0,1952,RAT
38,10,Jean  Behra ,FRA,Gordini,6.0,1952,BEH
39,12,Sam  Hanks ,USA,Kurtis Kraft Offenhauser,4.0,1952,HAN
40,13,Ken Wharton ,GBR,Scuderia Franera,3.0,1952,WHA
41,13,Duane  Carter ,USA,Lesovsky Offenhauser,3.0,1952,CAR
42,13,Dennis  Poore ,GBR,Connaught Lea Francis,3.0,1952,POO
43,16,Alan  Brown ,GBR,Cooper Bristol,2.0,1952,BRO
44,16,Art  Cross ,USA,Kurtis Kraft Offenhauser,2.0,1952,CRO
45,16,Paul  Frere ,BEL,Simca-Gordini,2.0,1952,FRE
46,16,Maurice Trintignant ,FRA,Gordini,2.0,1952,TRI
47,16,Eric  Thompson ,GBR,Connaught Lea Francis,2.0,1952,THO
19,16,Felice Bonetto ,ITA,Maserati,2.0,1952,BON
48,22,Bill Vukovich,USA,Kurtis Kraft Offenhauser,1.0,1952,VUK
5,1,Alberto  Ascari ,ITA,Ferrari,34.5,1953,ASC
2,2,Juan Manuel  Fangio ,ARG,Maserati,27.5,1953,FAN
1,3,Nino  Farina ,ITA,Ferrari,26.0,1953,FAR
35,4,Mike  Hawthorn ,GBR,Ferrari,19.0,1953,HAW
24,5,Luigi Villoresi ,ITA,Ferrari,17.0,1953,VIL
23,6,Jose Froilan  Gonzalez ,ARG,Maserati,13.5,1953,GON
48,7,Bill Vukovich,USA,Kurtis Kraft Offenhauser,9.0,1953,VUK
30,8,Toulo  de Graffenried ,SUI,Maserati,7.0,1953,DEG
19,9,Felice Bonetto ,ITA,Maserati,6.5,1953,BON
44,10,Art  Cross ,USA,Kurtis Kraft Offenhauser,6.0,1953,CRO
49,11,Onofre  Marimon ,ARG,Maserati,4.0,1953,MAR
46,11,Maurice Trintignant ,FRA,Gordini,4.0,1953,TRI
50,13,Oscar Alfredo  Galvez ,ARG,Maserati,2.0,1953,GAL
39,13,Sam  Hanks ,USA,Kurtis Kraft Offenhauser,2.0,1953,HAN
41,13,Duane  Carter ,USA,Kurtis Kraft Offenhauser,2.0,1953,CAR
33,13,Jack  McGrath ,USA,Kurtis Kraft Offenhauser,2.0,1953,MCG
51,13,Hermann  Lang ,GER,Maserati,2.0,1953,LAN
52,18,Fred  Agabashian ,USA,Kurtis Kraft Offenhauser,1.5,1953,AGA
53,18,Paul  Russo ,USA,Kurtis Kraft Offenhauser,1.5,1953,RUS
2,1,Juan Manuel  Fangio ,ARG,Mercedes-Benz,42.0,1954,FAN
23,2,Jose Froilan  Gonzalez ,ARG,Ferrari,25.1,1954,GON
35,3,Mike  Hawthorn ,GBR,Ferrari,24.6,1954,HAW
46,4,Maurice Trintignant ,FRA,Ferrari,17.0,1954,TRI
54,5,Karl  Kling ,GER,Mercedes-Benz,12.0,1954,KLI
48,6,Bill Vukovich,USA,Kurtis Kraft Offenhauser,8.0,1954,VUK
55,6,Hans Herrmann ,GER,Mercedes-Benz,8.0,1954,HER
1,8,Nino  Farina ,ITA,Ferrari,6.0,1954,FAR
56,8,Jimmy  Bryan ,USA,Kuzma Offenhauser,6.0,1954,BRY
57,8,Luigi  Musso ,ITA,Maserati,6.0,1954,MUS
58,8,Roberto  Mieres ,ARG,Maserati,6.0,1954,MIE
33,12,Jack  McGrath ,USA,Kurtis Kraft Offenhauser,5.0,1954,MCG
59,13,Stirling  Moss ,GBR,Maserati,4.1,1954,MOS
49,13,Onofre  Marimon ,ARG,Maserati,4.1,1954,MAR
16,15,Robert Manzon ,FRA,Ferrari,4.0,1954,MAN
60,15,Sergio  Mantovani ,ITA,Maserati,4.0,1954,MAN
8,17,Prince  Bira ,THA,Maserati,3.0,1954,BIR
61,18,Elie  Bayol ,FRA,Gordini,2.0,1954,BAY
27,18,Mike  Nazaruk ,USA,Kurtis Kraft Offenhauser,2.0,1954,NAZ
62,18,Andre  Pilette ,BEL,Gordini,2.0,1954,PIL
24,18,Luigi Villoresi ,ITA,Lancia,2.0,1954,VIL
63,18,Umberto Maglioli ,ITA,Ferrari,2.0,1954,MAG
36,23,Troy  Ruttman ,USA,Kurtis Kraft Offenhauser,1.5,1954,RUT
41,23,Duane  Carter ,USA,Kurtis Kraft Offenhauser,1.5,1954,CAR
5,25,Alberto  Ascari ,ITA,Lancia,1.1,1954,ASC
38,26,Jean  Behra ,FRA,Gordini,0.1,1954,BEH
2,1,Juan Manuel  Fangio ,ARG,Mercedes-Benz,40.0,1955,FAN
59,2,Stirling  Moss ,GBR,Mercedes-Benz,23.0,1955,MOS
64,3,Eugenio  Castellotti ,ITA,Ferrari,12.0,1955,CAS
46,4,Maurice Trintignant ,FRA,Ferrari,11.3,1955,TRI
1,5,Nino  Farina ,ITA,Ferrari,10.3,1955,FAR
25,6,Piero Taruffi ,ITA,Mercedes-Benz,9.0,1955,TAR
65,7,Bob  Sweikert ,USA,Kurtis Kraft Offenhauser,8.0,1955,SWE
58,8,Roberto  Mieres ,ARG,Maserati,7.0,1955,MIE
57,9,Luigi  Musso ,ITA,Maserati,6.0,1955,MUS
38,9,Jean  Behra ,FRA,Maserati,6.0,1955,BEH
54,11,Karl  Kling ,GER,Mercedes-Benz,5.0,1955,KLI
66,12,Jimmy  Davies ,USA,Kurtis Kraft Offenhauser,4.0,1955,DAV
53,13,Paul  Russo ,USA,Kurtis Kraft Offenhauser,3.0,1955,RUS
20,13,Tony Bettenhausen ,USA,Kurtis Kraft Offenhauser,3.0,1955,BET
67,13,Johnny  Thomson ,USA,Kuzma Offenhauser,3.0,1955,THO
45,13,Paul  Frere ,BEL,Ferrari,3.0,1955,FRE
23,17,Jose Froilan  Gonzalez ,ARG,Ferrari,2.0,1955,GON
68,17,Cesare  Perdisa ,ITA,Maserati,2.0,1955,PER
24,17,Luigi Villoresi ,ITA,Lancia,2.0,1955,VIL
69,17,Carlos  Menditeguy ,ARG,Maserati,2.0,1955,MEN
63,21,Umberto Maglioli ,ITA,Ferrari,1.3,1955,MAG
55,22,Hans Herrmann ,GER,Mercedes-Benz,1.0,1955,HER
70,22,Walt Faulkner ,USA,Kurtis Kraft Offenhauser,1.0,1955,FAU
71,22,Bill  Homeier ,USA,Kurtis Kraft Offenhauser,1.0,1955,HOM
48,22,Bill Vukovich,USA,Kurtis Kraft Offenhauser,1.0,1955,VUK
2,1,Juan Manuel  Fangio ,ARG,Ferrari,30.0,1956,FAN
59,2,Stirling  Moss ,GBR,Maserati,27.0,1956,MOS
72,3,Peter  Collins ,GBR,Ferrari,25.0,1956,COL
38,4,Jean  Behra ,FRA,Maserati,22.0,1956,BEH
73,5,Pat  Flaherty ,USA,Watson Offenhauser,8.0,1956,FLA
64,6,Eugenio  Castellotti ,ITA,Ferrari,7.5,1956,CAS
39,7,Sam  Hanks ,USA,Kurtis Kraft Offenhauser,6.0,1956,HAN
45,7,Paul  Frere ,BEL,Ferrari,6.0,1956,FRE
74,7,Paco Godia ,ESP,Maserati,6.0,1956,GOD
75,10,Jack Fairman ,GBR,Connaught Alta,5.0,1956,FAI
35,11,Mike  Hawthorn ,GBR,BRM,4.0,1956,HAW
57,11,Luigi  Musso ,ITA,Ferrari,4.0,1956,MUS
76,11,Don Freeland ,USA,Phillips Offenhauser,4.0,1956,FRE
77,11,Ron  Flockhart ,GBR,Connaught Alta,4.0,1956,FLO
6,15,Johnnie Parsons ,USA,Kuzma Offenhauser,3.0,1956,PAR
78,15,Harry  Schell ,USA,Vanwall,3.0,1956,SCH
79,15,Alfonso  de Portago,ESP,Ferrari,3.0,1956,DEP
68,15,Cesare  Perdisa ,ITA,Maserati,3.0,1956,PER
80,19,Olivier Gendebien ,BEL,Ferrari,2.0,1956,GEN
81,19,Hermano  da Silva Ramos ,BRA,Gordini,2.0,1956,DAS
82,19,Dick  Rathmann ,USA,Kurtis Kraft Offenhauser,2.0,1956,RAT
24,19,Luigi Villoresi ,ITA,Maserati,2.0,1956,VIL
83,19,Horace Gould,GBR,Maserati,2.0,1956,GOU
4,19,Louis Rosier ,FRA,Maserati,2.0,1956,ROS
84,25,Gerino Gerini,ITA,Maserati,1.5,1956,GER
85,25,Chico  Landi ,BRA,Maserati,1.5,1956,LAN
53,27,Paul  Russo ,USA,Kurtis Kraft Novi,1.0,1956,RUS
2,1,Juan Manuel  Fangio ,ARG,Maserati,40.0,1957,FAN
59,2,Stirling  Moss ,GBR,Vanwall,25.0,1957,MOS
57,3,Luigi  Musso ,ITA,Ferrari,16.0,1957,MUS
35,4,Mike  Hawthorn ,GBR,Ferrari,13.0,1957,HAW
86,5,Tony  Brooks ,GBR,Vanwall,11.0,1957,BRO
87,6,Masten  Gregory ,USA,Maserati,10.0,1957,GRE
78,6,Harry  Schell ,USA,Maserati,10.0,1957,SCH
39,8,Sam  Hanks ,USA,Epperly Offenhauser,8.0,1957,HAN
72,8,Peter  Collins ,GBR,Ferrari,8.0,1957,COL
37,10,Jim  Rathmann ,USA,Epperly Offenhauser,7.0,1957,RAT
38,11,Jean  Behra ,FRA,Maserati,6.0,1957,BEH
88,12,Stuart Lewis-Evans,GBR,Vanwall,5.0,1957,LEW
46,12,Maurice Trintignant ,FRA,Ferrari,5.0,1957,TRI
69,14,Carlos  Menditeguy ,ARG,Maserati,4.0,1957,MEN
56,14,Jimmy  Bryan ,USA,Kuzma Offenhauser,4.0,1957,BRY
89,14,Wolfgang  von Trips ,GER,Ferrari,4.0,1957,VON
53,17,Paul  Russo ,USA,Kurtis Kraft Novi,3.0,1957,RUS
29,18,Andy  Linden ,USA,Kurtis Kraft Offenhauser,2.0,1957,LIN
90,18,Roy  Salvadori ,GBR,Cooper Climax,2.0,1957,SAL
79,20,Alfonso  de Portago,ESP,Ferrari,1.0,1957,DEP
23,20,Jose Froilan  Gonzalez ,ARG,Ferrari,1.0,1957,GON
91,20,Giorgio Scarlatti,ITA,Maserati,1.0,1957,SCA
35,1,Mike  Hawthorn ,GBR,Ferrari,42.0,1958,HAW
59,2,Stirling  Moss ,GBR,Vanwall,41.0,1958,MOS
86,3,Tony  Brooks ,GBR,Vanwall,24.0,1958,BRO
90,4,Roy  Salvadori ,GBR,Cooper Climax,15.0,1958,SAL
72,5,Peter  Collins ,GBR,Ferrari,14.0,1958,COL
78,5,Harry  Schell ,USA,BRM,14.0,1958,SCH
46,7,Maurice Trintignant ,FRA,Cooper Climax,12.0,1958,TRI
57,7,Luigi  Musso ,ITA,Ferrari,12.0,1958,MUS
88,9,Stuart Lewis-Evans,GBR,Vanwall,11.0,1958,LEW
92,10,Phil  Hill ,USA,Ferrari,9.0,1958,HIL
38,10,Jean  Behra ,FRA,BRM,9.0,1958,BEH
89,10,Wolfgang  von Trips ,GER,Ferrari,9.0,1958,VON
56,13,Jimmy  Bryan ,USA,Epperly Offenhauser,8.0,1958,BRY
2,14,Juan Manuel  Fangio ,ARG,Maserati,7.0,1958,FAN
93,15,George Amick ,USA,Epperly Offenhauser,6.0,1958,AMI
20,16,Tony Bettenhausen ,USA,Epperly Offenhauser,4.0,1958,BET
94,16,Johnny Boyd ,USA,Kurtis Kraft Offenhauser,4.0,1958,BOY
95,18,Jack  Brabham ,AUS,Cooper Climax,3.0,1958,BRA
96,18,Cliff  Allison ,GBR,Lotus Climax,3.0,1958,ALL
97,18,Jo  Bonnier ,SWE,BRM,3.0,1958,BON
37,21,Jim  Rathmann ,USA,Epperly Offenhauser,2.0,1958,RAT
95,1,Jack  Brabham ,AUS,Cooper Climax,31.0,1959,BRA
86,2,Tony  Brooks ,GBR,Ferrari,27.0,1959,BRO
59,3,Stirling  Moss ,GBR,Cooper Climax,25.5,1959,MOS
92,4,Phil  Hill ,USA,Ferrari,20.0,1959,HIL
46,5,Maurice Trintignant ,FRA,Cooper Climax,19.0,1959,TRI
98,6,Bruce  McLaren ,NZL,Cooper Climax,16.5,1959,MCL
99,7,Dan  Gurney ,USA,Ferrari,13.0,1959,GUR
97,8,Jo  Bonnier ,SWE,BRM,10.0,1959,BON
87,8,Masten  Gregory ,USA,Cooper Climax,10.0,1959,GRE
100,10,Rodger  Ward ,USA,Kurtis Kraft Offenhauser,8.0,1959,WAR
37,11,Jim  Rathmann ,USA,Watson Offenhauser,6.0,1959,RAT
67,12,Johnny  Thomson ,USA,Lesovsky Offenhauser,5.0,1959,THO
101,12,Innes  Ireland ,GBR,Lotus Climax,5.0,1959,IRE
78,12,Harry  Schell ,USA,Cooper Climax,5.0,1959,SCH
20,15,Tony Bettenhausen ,USA,Epperly Offenhauser,3.0,1959,BET
80,15,Olivier Gendebien ,BEL,Ferrari,3.0,1959,GEN
102,17,Paul  Goldsmith ,USA,Epperly Offenhauser,2.0,1959,GOL
38,17,Jean  Behra ,FRA,Ferrari,2.0,1959,BEH
96,17,Cliff  Allison ,GBR,Ferrari,2.0,1959,ALL
95,1,Jack  Brabham ,AUS,Cooper Climax,43.0,1960,BRA
98,2,Bruce  McLaren ,NZL,Cooper Climax,34.0,1960,MCL
59,3,Stirling  Moss ,GBR,Lotus Climax,19.0,1960,MOS
101,4,Innes  Ireland ,GBR,Lotus Climax,18.0,1960,IRE
92,5,Phil  Hill ,USA,Cooper Climax,16.0,1960,HIL
80,6,Olivier Gendebien ,BEL,Cooper Climax,10.0,1960,GEN
89,6,Wolfgang  von Trips ,GER,Cooper Maserati,10.0,1960,VON
37,8,Jim  Rathmann ,USA,Watson Offenhauser,8.0,1960,RAT
103,8,Richie  Ginther ,USA,Ferrari,8.0,1960,GIN
104,8,Jim  Clark ,GBR,Lotus Climax,8.0,1960,CLA
86,11,Tony  Brooks ,GBR,Cooper Climax,7.0,1960,BRO
96,12,Cliff  Allison ,GBR,Ferrari,6.0,1960,ALL
100,12,Rodger  Ward ,USA,Watson Offenhauser,6.0,1960,WAR
105,12,John  Surtees ,GBR,Lotus Climax,6.0,1960,SUR
102,15,Paul  Goldsmith ,USA,Epperly Offenhauser,4.0,1960,GOL
106,15,Graham  Hill ,GBR,BRM,4.0,1960,HIL
107,15,Willy  Mairesse ,BEL,Ferrari,4.0,1960,MAI
97,15,Jo  Bonnier ,SWE,BRM,4.0,1960,BON
69,19,Carlos  Menditeguy ,ARG,Cooper Maserati,3.0,1960,MEN
108,19,Don Branson ,USA,Phillips Offenhauser,3.0,1960,BRA
109,19,Henry  Taylor ,GBR,Cooper Climax,3.0,1960,TAY
110,19,Giulio  Cabianca ,ITA,Cooper Castellotti,3.0,1960,CAB
67,23,Johnny  Thomson ,USA,Lesovsky Offenhauser,2.0,1960,THO
111,24,Eddie  Johnson ,USA,Trevis Offenhauser,1.0,1960,JOH
112,24,Lucien  Bianchi ,BEL,Cooper Climax,1.0,1960,BIA
77,24,Ron  Flockhart ,GBR,Cooper Climax,1.0,1960,FLO
55,24,Hans Herrmann ,GER,Porsche,1.0,1960,HER
92,1,Phil  Hill ,USA,Ferrari,34.0,1961,HIL
89,2,Wolfgang  von Trips ,GER,Ferrari,33.0,1961,VON
59,3,Stirling  Moss ,GBR,Lotus Climax,21.0,1961,MOS
99,3,Dan  Gurney ,USA,Porsche,21.0,1961,GUR
103,5,Richie  Ginther ,USA,Ferrari,16.0,1961,GIN
101,6,Innes  Ireland ,GBR,Lotus Climax,12.0,1961,IRE
104,7,Jim  Clark ,GBR,Lotus Climax,11.0,1961,CLA
98,7,Bruce  McLaren ,NZL,Cooper Climax,11.0,1961,MCL
113,9,Giancarlo  Baghetti ,ITA,Ferrari,9.0,1961,BAG
86,10,Tony  Brooks ,GBR,BRM Climax,6.0,1961,BRO
95,11,Jack  Brabham ,AUS,Cooper Climax,4.0,1961,BRA
105,11,John  Surtees ,GBR,Cooper Climax,4.0,1961,SUR
80,13,Olivier Gendebien ,BEL,Lotus Climax,3.0,1961,GEN
114,13,Jackie Lewis,GBR,Cooper Climax,3.0,1961,LEW
97,13,Jo  Bonnier ,SWE,Porsche,3.0,1961,BON
106,13,Graham  Hill ,GBR,BRM Climax,3.0,1961,HIL
90,17,Roy  Salvadori ,GBR,Cooper Climax,2.0,1961,SAL
106,1,Graham  Hill ,GBR,BRM,42.0,1962,HIL
104,2,Jim  Clark ,GBR,Lotus Climax,30.0,1962,CLA
98,3,Bruce  McLaren ,NZL,Cooper Climax,27.0,1962,MCL
105,4,John  Surtees ,GBR,Lola Climax,19.0,1962,SUR
99,5,Dan  Gurney ,USA,Porsche,15.0,1962,GUR
92,6,Phil  Hill ,USA,Ferrari,14.0,1962,HIL
115,7,Tony  Maggs ,RSA,Cooper Climax,13.0,1962,MAG
103,8,Richie  Ginther ,USA,BRM,10.0,1962,GIN
95,9,Jack  Brabham ,AUS,Brabham Climax,9.0,1962,BRA
116,10,Trevor Taylor,GBR,Lotus Climax,6.0,1962,TAY
113,11,Giancarlo  Baghetti ,ITA,Ferrari,5.0,1962,BAG
117,12,Lorenzo  Bandini ,ITA,Ferrari,4.0,1962,BAN
118,12,Ricardo Rodriguez,MEX,Ferrari,4.0,1962,ROD
107,14,Willy  Mairesse ,BEL,Ferrari,3.0,1962,MAI
97,14,Jo  Bonnier ,SWE,Porsche,3.0,1962,BON
101,16,Innes  Ireland ,GBR,Lotus Climax,2.0,1962,IRE
119,16,Carel Godin  de Beaufort,NED,Porsche,2.0,1962,DEB
87,18,Masten  Gregory ,USA,Lotus BRM,1.0,1962,GRE
120,18,Neville  Lederle ,RSA,Lotus Climax,1.0,1962,LED
104,1,Jim  Clark ,GBR,Lotus Climax,54.0,1963,CLA
106,2,Graham  Hill ,GBR,BRM,29.0,1963,HIL
103,2,Richie  Ginther ,USA,BRM,29.0,1963,GIN
105,4,John  Surtees ,GBR,Ferrari,22.0,1963,SUR
99,5,Dan  Gurney ,USA,Brabham Climax,19.0,1963,GUR
98,6,Bruce  McLaren ,NZL,Cooper Climax,17.0,1963,MCL
95,7,Jack  Brabham ,AUS,Brabham Climax,14.0,1963,BRA
115,8,Tony  Maggs ,RSA,Cooper Climax,9.0,1963,MAG
101,9,Innes  Ireland ,GBR,BRP BRM,6.0,1963,IRE
117,9,Lorenzo  Bandini ,ITA,Ferrari,6.0,1963,BAN
97,9,Jo  Bonnier ,SWE,Cooper Climax,6.0,1963,BON
121,12,Gerhard  Mitter ,GER,Porsche,3.0,1963,MIT
122,12,Jim Hall,USA,Lotus BRM,3.0,1963,HAL
119,14,Carel Godin  de Beaufort,NED,Porsche,2.0,1963,DEB
116,15,Trevor Taylor,GBR,Lotus Climax,1.0,1963,TAY
123,15,Ludovico  Scarfiotti ,ITA,Ferrari,1.0,1963,SCA
124,15,Jo  Siffert ,SUI,Lotus BRM,1.0,1963,SIF
107,18,Willy  Mairesse ,BEL,Ferrari,0.0,1963,MAI
46,18,Maurice Trintignant ,FRA,BRM,0.0,1963,TRI
125,18,Tony Settember,USA,Scirocco BRM,0.0,1963,SET
112,18,Lucien  Bianchi ,BEL,Lola Climax,0.0,1963,BIA
92,18,Phil  Hill ,USA,ATS,0.0,1963,HIL
113,18,Giancarlo  Baghetti ,ITA,ATS,0.0,1963,BAG
126,18,Chris  Amon ,NZL,Lotus BRM,0.0,1963,AMO
87,18,Masten  Gregory ,USA,Reg Parnell Racing,0.0,1963,GRE
127,18,Bob  Anderson ,GBR,Lola Climax,0.0,1963,AND
128,18,Ian  Raby ,GBR,Gilby BRM,0.0,1963,RAB
129,18,John Campbell-Jones,GBR,Lola Climax,0.0,1963,CAM
130,18,Ian  Burgess,GBR,Scirocco BRM,0.0,1963,BUR
131,18,Mike  Hailwood ,GBR,Reg Parnell Racing,0.0,1963,HAI
132,18,Mario de Araujo Cabral,POR,Cooper Climax,0.0,1963,DEA
133,18,Bernard Collomb,FRA,Lotus Climax,0.0,1963,COL
134,18,Mike  Spence ,GBR,Lotus Climax,0.0,1963,SPE
135,18,Peter  Broeker,CAN,Stebro Ford,0.0,1963,BRO
100,18,Rodger  Ward ,USA,Lotus BRM,0.0,1963,WAR
136,18,Pedro  Rodriguez ,MEX,Lotus Climax,0.0,1963,ROD
137,18,Hap Sharp,USA,Lotus BRM,0.0,1963,SHA
138,18,Moises  Solana ,MEX,BRM,0.0,1963,SOL
139,18,Doug  Serrurier ,RSA,LDS Alfa Romeo,0.0,1963,SER
140,18,Trevor  Blokdyk ,RSA,Cooper Maserati,0.0,1963,BLO
141,18,Brausch  Niemann ,RSA,Lotus Ford,0.0,1963,NIE
142,18,John  Love ,RHO,Cooper Climax,0.0,1963,LOV
143,18,Ernie  Pieterse ,RSA,Lotus Climax,0.0,1963,PIE
144,18,Peter  de Klerk ,RSA,Alfa Romeo,0.0,1963,DEK
145,18,Sam  Tingle ,RHO,LDS Alfa Romeo,0.0,1963,TIN
146,18,David  Prophet ,GBR,Brabham Ford,0.0,1963,PRO
105,1,John  Surtees ,GBR,Ferrari,40.0,1964,SUR
106,2,Graham  Hill ,GBR,BRM,39.0,1964,HIL
104,3,Jim  Clark ,GBR,Lotus Climax,32.0,1964,CLA
117,4,Lorenzo  Bandini ,ITA,Ferrari,23.0,1964,BAN
103,4,Richie  Ginther ,USA,BRM,23.0,1964,GIN
99,6,Dan  Gurney ,USA,Brabham Climax,19.0,1964,GUR
98,7,Bruce  McLaren ,NZL,Cooper Climax,13.0,1964,MCL
147,8,Peter Arundell,GBR,Lotus Climax,11.0,1964,ARU
95,8,Jack  Brabham ,AUS,Brabham Climax,11.0,1964,BRA
124,10,Jo  Siffert ,SUI,Brabham BRM,7.0,1964,SIF
127,11,Bob  Anderson ,GBR,Brabham Climax,5.0,1964,AND
115,12,Tony  Maggs ,RSA,BRM,4.0,1964,MAG
134,12,Mike  Spence ,GBR,Lotus Climax,4.0,1964,SPE
101,12,Innes  Ireland ,GBR,BRP BRM,4.0,1964,IRE
97,15,Jo  Bonnier ,SWE,Brabham Climax,3.0,1964,BON
126,16,Chris  Amon ,NZL,Lotus BRM,2.0,1964,AMO
46,16,Maurice Trintignant ,FRA,BRM,2.0,1964,TRI
148,16,Walt Hansgen ,USA,Lotus Climax,2.0,1964,HAN
131,19,Mike  Hailwood ,GBR,Lotus BRM,1.0,1964,HAI
92,19,Phil  Hill ,USA,Cooper Climax,1.0,1964,HIL
116,19,Trevor Taylor,GBR,BRP BRM,1.0,1964,TAY
136,19,Pedro  Rodriguez ,MEX,Ferrari,1.0,1964,ROD
104,1,Jim  Clark ,GBR,Lotus Climax,54.0,1965,CLA
106,2,Graham  Hill ,GBR,BRM,40.0,1965,HIL
149,3,Jackie  Stewart ,GBR,BRM,33.0,1965,STE
99,4,Dan  Gurney ,USA,Brabham Climax,25.0,1965,GUR
105,5,John  Surtees ,GBR,Ferrari,17.0,1965,SUR
117,6,Lorenzo  Bandini ,ITA,Ferrari,13.0,1965,BAN
103,7,Richie  Ginther ,USA,Honda,11.0,1965,GIN
134,8,Mike  Spence ,GBR,Lotus Climax,10.0,1965,SPE
98,8,Bruce  McLaren ,NZL,Cooper Climax,10.0,1965,MCL
95,10,Jack  Brabham ,AUS,Brabham Climax,9.0,1965,BRA
150,11,Denny  Hulme ,NZL,Brabham Climax,5.0,1965,HUL
124,11,Jo  Siffert ,SUI,Brabham BRM,5.0,1965,SIF
151,13,Jochen  Rindt ,AUT,Cooper Climax,4.0,1965,RIN
136,14,Pedro  Rodriguez ,MEX,Ferrari,2.0,1965,ROD
152,14,Ronnie  Bucknum ,USA,Honda,2.0,1965,BUC
153,14,Richard  Attwood ,GBR,Lotus BRM,2.0,1965,ATT
95,1,Jack  Brabham ,AUS,Brabham Repco,42.0,1966,BRA
105,2,John  Surtees ,GBR,Cooper Maserati,28.0,1966,SUR
151,3,Jochen  Rindt ,AUT,Cooper Maserati,22.0,1966,RIN
150,4,Denny  Hulme ,NZL,Brabham Repco,18.0,1966,HUL
106,5,Graham  Hill ,GBR,BRM,17.0,1966,HIL
104,6,Jim  Clark ,GBR,Lotus BRM,16.0,1966,CLA
149,7,Jackie  Stewart ,GBR,BRM,14.0,1966,STE
154,8,Mike Parkes,GBR,Ferrari,12.0,1966,PAR
117,8,Lorenzo  Bandini ,ITA,Ferrari,12.0,1966,BAN
123,10,Ludovico  Scarfiotti ,ITA,Ferrari,9.0,1966,SCA
103,11,Richie  Ginther ,USA,Honda,5.0,1966,GIN
99,12,Dan  Gurney ,USA,Eagle Climax,4.0,1966,GUR
134,12,Mike  Spence ,GBR,Lotus BRM,4.0,1966,SPE
155,14,Bob  Bondurant ,USA,Eagle Weslake,3.0,1966,BON
124,14,Jo  Siffert ,SUI,Cooper Maserati,3.0,1966,SIF
98,14,Bruce  McLaren ,NZL,McLaren Ford,3.0,1966,MCL
156,17,John Taylor,GBR,Brabham BRM,1.0,1966,TAY
127,17,Bob  Anderson ,GBR,Brabham Climax,1.0,1966,AND
147,17,Peter Arundell,GBR,Lotus BRM,1.0,1966,ARU
97,17,Jo  Bonnier ,SWE,Cooper Maserati,1.0,1966,BON
150,1,Denny  Hulme ,NZL,Brabham Repco,51.0,1967,HUL
95,2,Jack  Brabham ,AUS,Brabham Repco,46.0,1967,BRA
104,3,Jim  Clark ,GBR,Lotus Ford,41.0,1967,CLA
105,4,John  Surtees ,GBR,Honda,20.0,1967,SUR
126,4,Chris  Amon ,NZL,Ferrari,20.0,1967,AMO
136,6,Pedro  Rodriguez ,MEX,Cooper Maserati,15.0,1967,ROD
106,6,Graham  Hill ,GBR,Lotus Ford,15.0,1967,HIL
99,8,Dan  Gurney ,USA,Eagle Climax,13.0,1967,GUR
149,9,Jackie  Stewart ,GBR,BRM,10.0,1967,STE
134,10,Mike  Spence ,GBR,BRM,9.0,1967,SPE
142,11,John  Love ,RHO,Cooper Climax,6.0,1967,LOV
151,11,Jochen  Rindt ,AUT,Cooper Maserati,6.0,1967,RIN
124,11,Jo  Siffert ,SUI,Cooper Maserati,6.0,1967,SIF
98,14,Bruce  McLaren ,NZL,McLaren BRM,3.0,1967,MCL
97,14,Jo  Bonnier ,SWE,Cooper Maserati,3.0,1967,BON
127,16,Bob  Anderson ,GBR,Brabham Climax,2.0,1967,AND
154,16,Mike Parkes,GBR,Ferrari,2.0,1967,PAR
157,16,Chris Irwin ,GBR,BRM,2.0,1967,IRW
123,19,Ludovico  Scarfiotti ,ITA,Eagle Weslake,1.0,1967,SCA
158,19,Guy Ligier,FRA,Brabham Repco,1.0,1967,LIG
159,19,Jacky  Ickx ,BEL,Cooper Maserati,1.0,1967,ICK
106,1,Graham  Hill ,GBR,Lotus Ford,48.0,1968,HIL
149,2,Jackie  Stewart ,GBR,Matra Ford,36.0,1968,STE
150,3,Denny  Hulme ,NZL,McLaren Ford,33.0,1968,HUL
159,4,Jacky  Ickx ,BEL,Ferrari,27.0,1968,ICK
98,5,Bruce  McLaren ,NZL,McLaren Ford,22.0,1968,MCL
136,6,Pedro  Rodriguez ,MEX,BRM,18.0,1968,ROD
124,7,Jo  Siffert ,SUI,Lotus Ford,12.0,1968,SIF
105,7,John  Surtees ,GBR,Honda,12.0,1968,SUR
160,9,Jean-Pierre  Beltoise ,FRA,Matra,11.0,1968,BEL
126,10,Chris  Amon ,NZL,Ferrari,10.0,1968,AMO
104,11,Jim  Clark ,GBR,Lotus Ford,9.0,1968,CLA
151,12,Jochen  Rindt ,AUT,Brabham Repco,8.0,1968,RIN
153,13,Richard  Attwood ,GBR,BRM,6.0,1968,ATT
161,13,Johnny Servoz-Gavin,FRA,Matra Ford,6.0,1968,SER
162,13,Jackie  Oliver ,GBR,Lotus Ford,6.0,1968,OLI
123,13,Ludovico  Scarfiotti ,ITA,Cooper BRM,6.0,1968,SCA
112,17,Lucien  Bianchi ,BEL,Cooper BRM,5.0,1968,BIA
163,17,Vic Elford,GBR,Cooper BRM,5.0,1968,ELF
164,19,Brian Redman ,GBR,Cooper BRM,4.0,1968,RED
165,19,Piers Courage ,GBR,BRM,4.0,1968,COU
99,21,Dan  Gurney ,USA,McLaren Ford,3.0,1968,GUR
97,21,Jo  Bonnier ,SWE,Honda,3.0,1968,BON
166,23,Silvio Moser,SUI,Brabham Repco,2.0,1968,MOS
95,23,Jack  Brabham ,AUS,Brabham Repco,2.0,1968,BRA
149,1,Jackie  Stewart ,GBR,Matra Ford,63.0,1969,STE
159,2,Jacky  Ickx ,BEL,Brabham Ford,37.0,1969,ICK
98,3,Bruce  McLaren ,NZL,McLaren Ford,26.0,1969,MCL
151,4,Jochen  Rindt ,AUT,Lotus Ford,22.0,1969,RIN
160,5,Jean-Pierre  Beltoise ,FRA,Matra Ford,21.0,1969,BEL
150,6,Denny  Hulme ,NZL,McLaren Ford,20.0,1969,HUL
106,7,Graham  Hill ,GBR,Lotus Ford,19.0,1969,HIL
165,8,Piers Courage ,GBR,Brabham Ford,16.0,1969,COU
124,9,Jo  Siffert ,SUI,Lotus Ford,15.0,1969,SIF
95,10,Jack  Brabham ,AUS,Brabham Ford,14.0,1969,BRA
105,11,John  Surtees ,GBR,BRM,6.0,1969,SUR
126,12,Chris  Amon ,NZL,Ferrari,4.0,1969,AMO
153,13,Richard  Attwood ,GBR,Gold Leaf Team Lotus,3.0,1969,ATT
163,13,Vic Elford,GBR,McLaren Ford,3.0,1969,ELF
136,13,Pedro  Rodriguez ,MEX,Ferrari,3.0,1969,ROD
161,16,Johnny Servoz-Gavin,FRA,Matra Ford,1.0,1969,SER
166,16,Silvio Moser,SUI,Brabham Ford,1.0,1969,MOS
162,16,Jackie  Oliver ,GBR,BRM,1.0,1969,OLI
151,1,Jochen  Rindt ,AUT,Lotus Ford,45.0,1970,RIN
159,2,Jacky  Ickx ,BEL,Ferrari,40.0,1970,ICK
167,3,Clay  Regazzoni ,SUI,Ferrari,33.0,1970,REG
150,4,Denny  Hulme ,NZL,McLaren Ford,27.0,1970,HUL
95,5,Jack  Brabham ,AUS,Brabham Ford,25.0,1970,BRA
149,5,Jackie  Stewart ,GBR,Tyrrell Ford,25.0,1970,STE
136,7,Pedro  Rodriguez ,MEX,BRM,23.0,1970,ROD
126,7,Chris  Amon ,NZL,March Ford,23.0,1970,AMO
160,9,Jean-Pierre  Beltoise ,FRA,Matra,16.0,1970,BEL
168,10,Emerson  Fittipaldi ,BRA,Lotus Ford,12.0,1970,FIT
169,11,Rolf  Stommelen ,GER,Brabham Ford,10.0,1970,STO
170,12,Henri  Pescarolo ,FRA,Matra,8.0,1970,PES
106,13,Graham  Hill ,GBR,Lotus Ford,7.0,1970,HIL
98,14,Bruce  McLaren ,NZL,McLaren Ford,6.0,1970,MCL
171,15,Mario  Andretti ,USA,March Ford,4.0,1970,AND
172,15,Reine Wisell ,SWE,Lotus Ford,4.0,1970,WIS
173,17,Ignazio Giunti,ITA,Ferrari,3.0,1970,GIU
105,17,John  Surtees ,GBR,Surtees Ford,3.0,1970,SUR
174,19,John Miles ,GBR,Lotus Ford,2.0,1970,MIL
161,19,Johnny Servoz-Gavin,FRA,March Ford,2.0,1970,SER
162,19,Jackie  Oliver ,GBR,BRM,2.0,1970,OLI
99,22,Dan  Gurney ,USA,McLaren Ford,1.0,1970,GUR
175,22,Francois Cevert,FRA,March Ford,1.0,1970,CEV
176,22,Peter Gethin,GBR,McLaren Ford,1.0,1970,GET
177,22,Derek  Bell ,GBR,Surtees Ford,1.0,1970,BEL
149,1,Jackie  Stewart ,GBR,Tyrrell Ford,62.0,1971,STE
178,2,Ronnie  Peterson ,SWE,STP March Racing Team,33.0,1971,PET
175,3,Francois Cevert,FRA,Tyrrell Ford,26.0,1971,CEV
159,4,Jacky  Ickx ,BEL,Ferrari,19.0,1971,ICK
124,4,Jo  Siffert ,SUI,BRM,19.0,1971,SIF
168,6,Emerson  Fittipaldi ,BRA,Lotus Ford,16.0,1971,FIT
167,7,Clay  Regazzoni ,SUI,Ferrari,13.0,1971,REG
171,8,Mario  Andretti ,USA,Ferrari,12.0,1971,AND
176,9,Peter Gethin,GBR,BRM,9.0,1971,GET
136,9,Pedro  Rodriguez ,MEX,BRM,9.0,1971,ROD
126,9,Chris  Amon ,NZL,Matra,9.0,1971,AMO
172,9,Reine Wisell ,SWE,Lotus Ford,9.0,1971,WIS
150,9,Denny  Hulme ,NZL,McLaren Ford,9.0,1971,HUL
179,14,Tim Schenken ,AUS,Brabham Ford,5.0,1971,SCH
180,14,Howden Ganley,NZL,BRM,5.0,1971,GAN
181,16,Mark  Donohue ,USA,Penske-White Racing,4.0,1971,DON
170,16,Henri  Pescarolo ,FRA,Frank Williams Racing Cars/Williams,4.0,1971,PES
131,18,Mike  Hailwood ,GBR,Surtees Ford,3.0,1971,HAI
105,18,John  Surtees ,GBR,Surtees Ford,3.0,1971,SUR
169,18,Rolf  Stommelen ,GER,Surtees Ford,3.0,1971,STO
106,21,Graham  Hill ,GBR,Brabham Ford,2.0,1971,HIL
160,22,Jean-Pierre  Beltoise ,FRA,Matra,1.0,1971,BEL
168,1,Emerson  Fittipaldi ,BRA,Lotus Ford,61.0,1972,FIT
149,2,Jackie  Stewart ,GBR,Tyrrell Ford,45.0,1972,STE
150,3,Denny  Hulme ,NZL,McLaren Ford,39.0,1972,HUL
159,4,Jacky  Ickx ,BEL,Ferrari,27.0,1972,ICK
182,5,Peter Revson ,USA,McLaren Ford,23.0,1972,REV
175,6,Francois Cevert,FRA,Tyrrell Ford,15.0,1972,CEV
167,6,Clay  Regazzoni ,SUI,Ferrari,15.0,1972,REG
131,8,Mike  Hailwood ,GBR,Surtees Ford,13.0,1972,HAI
178,9,Ronnie  Peterson ,SWE,March Ford,12.0,1972,PET
126,9,Chris  Amon ,NZL,Matra,12.0,1972,AMO
160,11,Jean-Pierre  Beltoise ,FRA,BRM,9.0,1972,BEL
171,12,Mario  Andretti ,USA,Ferrari,4.0,1972,AND
180,12,Howden Ganley,NZL,BRM,4.0,1972,GAN
164,12,Brian Redman ,GBR,BRM,4.0,1972,RED
106,12,Graham  Hill ,GBR,Brabham Ford,4.0,1972,HIL
183,16,Andrea  de Adamich,ITA,Surtees Ford,3.0,1972,DEA
184,16,Carlos  Reutemann ,ARG,Brabham Ford,3.0,1972,REU
185,16,Carlos  Pace ,BRA,March Ford,3.0,1972,PAC
179,19,Tim Schenken ,AUS,Surtees Ford,2.0,1972,SCH
186,20,Arturo  Merzario ,ITA,Ferrari,1.0,1972,MER
176,20,Peter Gethin,GBR,BRM,1.0,1972,GET
149,1,Jackie  Stewart ,GBR,Tyrrell Ford,71.0,1973,STE
168,2,Emerson  Fittipaldi ,BRA,Lotus Ford,55.0,1973,FIT
178,3,Ronnie  Peterson ,SWE,Lotus Ford,52.0,1973,PET
175,4,Francois Cevert,FRA,Tyrrell Ford,47.0,1973,CEV
182,5,Peter Revson ,USA,McLaren Ford,38.0,1973,REV
150,6,Denny  Hulme ,NZL,McLaren Ford,26.0,1973,HUL
184,7,Carlos  Reutemann ,ARG,Brabham Ford,16.0,1973,REU
187,8,James  Hunt ,GBR,March Ford,14.0,1973,HUN
159,9,Jacky  Ickx ,BEL,Iso Marlboro Ford,12.0,1973,ICK
160,10,Jean-Pierre  Beltoise ,FRA,BRM,9.0,1973,BEL
185,11,Carlos  Pace ,BRA,Surtees Ford,7.0,1973,PAC
186,12,Arturo  Merzario ,ITA,Ferrari,6.0,1973,MER
188,13,George Follmer,USA,Shadow Ford,5.0,1973,FOL
162,14,Jackie  Oliver ,GBR,Shadow Ford,4.0,1973,OLI
183,15,Andrea  de Adamich,ITA,Brabham Ford,3.0,1973,DEA
189,15,Wilson  Fittipaldi ,BRA,Brabham Ford,3.0,1973,FIT
190,17,Niki  Lauda ,AUT,BRM,2.0,1973,LAU
167,17,Clay  Regazzoni ,SUI,BRM,2.0,1973,REG
126,19,Chris  Amon ,NZL,Tyrrell Ford,1.0,1973,AMO
191,19,Gijs  van Lennep ,NED,Iso Marlboro Ford,1.0,1973,VAN
180,19,Howden Ganley,NZL,Iso Marlboro Ford,1.0,1973,GAN
168,1,Emerson  Fittipaldi ,BRA,McLaren Ford,55.0,1974,FIT
167,2,Clay  Regazzoni ,SUI,Ferrari,52.0,1974,REG
192,3,Jody  Scheckter ,RSA,Tyrrell Ford,45.0,1974,SCH
190,4,Niki  Lauda ,AUT,Ferrari,38.0,1974,LAU
178,5,Ronnie  Peterson ,SWE,Lotus Ford,35.0,1974,PET
184,6,Carlos  Reutemann ,ARG,Brabham Ford,32.0,1974,REU
150,7,Denny  Hulme ,NZL,McLaren Ford,20.0,1974,HUL
187,8,James  Hunt ,GBR,Hesketh Ford,15.0,1974,HUN
193,9,Patrick  Depailler ,FRA,Tyrrell Ford,14.0,1974,DEP
159,10,Jacky  Ickx ,BEL,Lotus Ford,12.0,1974,ICK
131,10,Mike  Hailwood ,GBR,McLaren Ford,12.0,1974,HAI
185,12,Carlos  Pace ,BRA,Brabham Ford,11.0,1974,PAC
160,13,Jean-Pierre  Beltoise ,FRA,BRM,10.0,1974,BEL
194,14,Jean-Pierre  Jarier ,FRA,Shadow Ford,6.0,1974,JAR
195,14,John  Watson ,GBR,Brabham Ford,6.0,1974,WAT
196,16,Hans-Joachim  Stuck ,GER,March Ford,5.0,1974,STU
186,17,Arturo  Merzario ,ITA,Iso Marlboro Ford,4.0,1974,MER
106,18,Graham  Hill ,GBR,Lola Ford,1.0,1974,HIL
197,18,Tom  Pryce ,GBR,Shadow Ford,1.0,1974,PRY
198,18,Vittorio  Brambilla ,ITA,March Ford,1.0,1974,BRA
190,1,Niki  Lauda ,AUT,Ferrari,64.5,1975,LAU
168,2,Emerson  Fittipaldi ,BRA,McLaren Ford,45.0,1975,FIT
184,3,Carlos  Reutemann ,ARG,Brabham Ford,37.0,1975,REU
187,4,James  Hunt ,GBR,Hesketh Ford,33.0,1975,HUN
167,5,Clay  Regazzoni ,SUI,Ferrari,25.0,1975,REG
185,6,Carlos  Pace ,BRA,Brabham Ford,24.0,1975,PAC
192,7,Jody  Scheckter ,RSA,Tyrrell Ford,20.0,1975,SCH
199,7,Jochen  Mass ,GER,McLaren Ford,20.0,1975,MAS
193,9,Patrick  Depailler ,FRA,Tyrrell Ford,12.0,1975,DEP
197,10,Tom  Pryce ,GBR,Shadow Ford,8.0,1975,PRY
198,11,Vittorio  Brambilla ,ITA,March Ford,6.5,1975,BRA
200,12,Jacques  Laffite ,FRA,Frank Williams Racing Cars/Williams,6.0,1975,LAF
178,12,Ronnie  Peterson ,SWE,Lotus Ford,6.0,1975,PET
171,14,Mario  Andretti ,USA,Parnelli Ford,5.0,1975,AND
181,15,Mark  Donohue ,USA,March Ford,4.0,1975,DON
159,16,Jacky  Ickx ,BEL,Lotus Ford,3.0,1975,ICK
201,17,Alan Jones ,AUS,Hill Ford,2.0,1975,JON
194,18,Jean-Pierre  Jarier ,FRA,Shadow Ford,1.5,1975,JAR
202,19,Tony  Brise ,GBR,Hill Ford,1.0,1975,BRI
191,19,Gijs  van Lennep ,NED,Ensign Ford,1.0,1975,VAN
203,21,Lella  Lombardi ,ITA,Frank Williams Racing Cars/Williams,0.5,1975,LOM
187,1,James  Hunt ,GBR,McLaren Ford,69.0,1976,HUN
190,2,Niki  Lauda ,AUT,Ferrari,68.0,1976,LAU
192,3,Jody  Scheckter ,RSA,Tyrrell Ford,49.0,1976,SCH
193,4,Patrick  Depailler ,FRA,Tyrrell Ford,39.0,1976,DEP
167,5,Clay  Regazzoni ,SUI,Ferrari,31.0,1976,REG
171,6,Mario  Andretti ,USA,Lotus Ford,22.0,1976,AND
195,7,John  Watson ,GBR,Penske Ford,20.0,1976,WAT
200,7,Jacques  Laffite ,FRA,Ligier Matra,20.0,1976,LAF
199,9,Jochen  Mass ,GER,McLaren Ford,19.0,1976,MAS
204,10,Gunnar  Nilsson ,SWE,Lotus Ford,11.0,1976,NIL
178,11,Ronnie  Peterson ,SWE,March Ford,10.0,1976,PET
197,11,Tom  Pryce ,GBR,Shadow Ford,10.0,1976,PRY
196,13,Hans-Joachim  Stuck ,GER,March Ford,8.0,1976,STU
185,14,Carlos  Pace ,BRA,Brabham Alfa Romeo,7.0,1976,PAC
201,14,Alan Jones ,AUS,Surtees Ford,7.0,1976,JON
184,16,Carlos  Reutemann ,ARG,Ferrari,3.0,1976,REU
168,16,Emerson  Fittipaldi ,BRA,Fittipaldi Ford,3.0,1976,FIT
126,18,Chris  Amon ,NZL,Wolf-Williams,2.0,1976,AMO
169,19,Rolf  Stommelen ,GER,Brabham Alfa Romeo,1.0,1976,STO
198,19,Vittorio  Brambilla ,ITA,March Ford,1.0,1976,BRA
190,1,Niki  Lauda ,AUT,Ferrari,72.0,1977,LAU
192,2,Jody  Scheckter ,RSA,Wolf Ford,55.0,1977,SCH
171,3,Mario  Andretti ,USA,Lotus Ford,47.0,1977,AND
184,4,Carlos  Reutemann ,ARG,Ferrari,42.0,1977,REU
187,5,James  Hunt ,GBR,McLaren Ford,40.0,1977,HUN
199,6,Jochen  Mass ,GER,McLaren Ford,25.0,1977,MAS
201,7,Alan Jones ,AUS,Shadow Ford,22.0,1977,JON
204,8,Gunnar  Nilsson ,SWE,Lotus Ford,20.0,1977,NIL
193,8,Patrick  Depailler ,FRA,Tyrrell Ford,20.0,1977,DEP
200,10,Jacques  Laffite ,FRA,Ligier Matra,18.0,1977,LAF
196,11,Hans-Joachim  Stuck ,GER,Brabham Alfa Romeo,12.0,1977,STU
168,12,Emerson  Fittipaldi ,BRA,Fittipaldi Ford,11.0,1977,FIT
195,13,John  Watson ,GBR,Brabham Alfa Romeo,9.0,1977,WAT
178,14,Ronnie  Peterson ,SWE,Tyrrell Ford,7.0,1977,PET
185,15,Carlos  Pace ,BRA,Brabham Alfa Romeo,6.0,1977,PAC
198,15,Vittorio  Brambilla ,ITA,Surtees Ford,6.0,1977,BRA
205,17,Patrick  Tambay ,FRA,Ensign Ford,5.0,1977,TAM
167,17,Clay  Regazzoni ,SUI,Ensign Ford,5.0,1977,REG
206,19,Renzo  Zorzi ,ITA,Shadow Ford,1.0,1977,ZOR
194,19,Jean-Pierre  Jarier ,FRA,Ligier Matra,1.0,1977,JAR
207,19,Riccardo  Patrese ,ITA,Shadow Ford,1.0,1977,PAT
171,1,Mario  Andretti ,USA,Lotus Ford,64.0,1978,AND
178,2,Ronnie  Peterson ,SWE,Lotus Ford,51.0,1978,PET
184,3,Carlos  Reutemann ,ARG,Ferrari,48.0,1978,REU
190,4,Niki  Lauda ,AUT,Brabham Alfa Romeo,44.0,1978,LAU
193,5,Patrick  Depailler ,FRA,Tyrrell Ford,34.0,1978,DEP
195,6,John  Watson ,GBR,Brabham Alfa Romeo,25.0,1978,WAT
192,7,Jody  Scheckter ,RSA,Wolf Ford,24.0,1978,SCH
200,8,Jacques  Laffite ,FRA,Ligier Matra,19.0,1978,LAF
208,9,Gilles  Villeneuve ,CAN,Ferrari,17.0,1978,VIL
168,9,Emerson  Fittipaldi ,BRA,Fittipaldi Ford,17.0,1978,FIT
201,11,Alan Jones ,AUS,Williams Ford,11.0,1978,JON
207,11,Riccardo  Patrese ,ITA,Arrows Ford,11.0,1978,PAT
187,13,James  Hunt ,GBR,McLaren Ford,8.0,1978,HUN
205,13,Patrick  Tambay ,FRA,McLaren Ford,8.0,1978,TAM
209,15,Didier  Pironi ,FRA,Tyrrell Ford,7.0,1978,PIR
167,16,Clay  Regazzoni ,SUI,Shadow Ford,4.0,1978,REG
210,17,Jean-Pierre  Jabouille ,FRA,Renault,3.0,1978,JAB
196,18,Hans-Joachim  Stuck ,GER,Shadow Ford,2.0,1978,STU
211,19,Hector  Rebaque ,MEX,Lotus Ford,1.0,1978,REB
198,19,Vittorio  Brambilla ,ITA,Surtees Ford,1.0,1978,BRA
212,19,Derek  Daly ,IRL,Ensign Ford,1.0,1978,DAL
192,1,Jody  Scheckter ,RSA,Ferrari,51.0,1979,SCH
208,2,Gilles  Villeneuve ,CAN,Ferrari,47.0,1979,VIL
201,3,Alan Jones ,AUS,Williams Ford,40.0,1979,JON
200,4,Jacques  Laffite ,FRA,Ligier Ford,36.0,1979,LAF
167,5,Clay  Regazzoni ,SUI,Williams Ford,29.0,1979,REG
193,6,Patrick  Depailler ,FRA,Ligier Ford,20.0,1979,DEP
184,6,Carlos  Reutemann ,ARG,Lotus Ford,20.0,1979,REU
213,8,Rene  Arnoux ,FRA,Renault,17.0,1979,ARN
195,9,John  Watson ,GBR,McLaren Ford,15.0,1979,WAT
209,10,Didier  Pironi ,FRA,Tyrrell Ford,14.0,1979,PIR
194,10,Jean-Pierre  Jarier ,FRA,Tyrrell Ford,14.0,1979,JAR
171,10,Mario  Andretti ,USA,Lotus Ford,14.0,1979,AND
210,13,Jean-Pierre  Jabouille ,FRA,Renault,9.0,1979,JAB
190,14,Niki  Lauda ,AUT,Brabham Ford,4.0,1979,LAU
214,15,Nelson  Piquet ,BRA,Brabham Ford,3.0,1979,PIQ
215,15,Elio  de Angelis ,ITA,Shadow Ford,3.0,1979,DEA
159,15,Jacky  Ickx ,BEL,Ligier Ford,3.0,1979,ICK
199,15,Jochen  Mass ,GER,Arrows Ford,3.0,1979,MAS
207,19,Riccardo  Patrese ,ITA,Arrows Ford,2.0,1979,PAT
196,19,Hans-Joachim  Stuck ,GER,ATS Ford,2.0,1979,STU
168,21,Emerson  Fittipaldi ,BRA,Fittipaldi Ford,1.0,1979,FIT
201,1,Alan Jones ,AUS,Williams Ford,67.0,1980,JON
214,2,Nelson  Piquet ,BRA,Brabham Ford,54.0,1980,PIQ
184,3,Carlos  Reutemann ,ARG,Williams Ford,42.0,1980,REU
200,4,Jacques  Laffite ,FRA,Ligier Ford,34.0,1980,LAF
209,5,Didier  Pironi ,FRA,Ligier Ford,32.0,1980,PIR
213,6,Rene  Arnoux ,FRA,Renault,29.0,1980,ARN
215,7,Elio  de Angelis ,ITA,Lotus Ford,13.0,1980,DEA
210,8,Jean-Pierre  Jabouille ,FRA,Renault,9.0,1980,JAB
207,9,Riccardo  Patrese ,ITA,Arrows Ford,7.0,1980,PAT
216,10,Keke  Rosberg ,FIN,Fittipaldi Ford,6.0,1980,ROS
212,10,Derek  Daly ,IRL,Tyrrell Ford,6.0,1980,DAL
195,10,John  Watson ,GBR,McLaren Ford,6.0,1980,WAT
194,10,Jean-Pierre  Jarier ,FRA,Tyrrell Ford,6.0,1980,JAR
208,10,Gilles  Villeneuve ,CAN,Ferrari,6.0,1980,VIL
168,15,Emerson  Fittipaldi ,BRA,Fittipaldi Ford,5.0,1980,FIT
217,15,Alain  Prost ,FRA,McLaren Ford,5.0,1980,PRO
199,17,Jochen  Mass ,GER,Arrows Ford,4.0,1980,MAS
218,17,Bruno  Giacomelli ,ITA,Alfa Romeo,4.0,1980,GIA
192,19,Jody  Scheckter ,RSA,Ferrari,2.0,1980,SCH
211,20,Hector  Rebaque ,MEX,Brabham Ford,1.0,1980,REB
171,20,Mario  Andretti ,USA,Lotus Ford,1.0,1980,AND
214,1,Nelson  Piquet ,BRA,Brabham Ford,50.0,1981,PIQ
184,2,Carlos  Reutemann ,ARG,Williams Ford,49.0,1981,REU
201,3,Alan Jones ,AUS,Williams Ford,46.0,1981,JON
200,4,Jacques  Laffite ,FRA,Ligier Matra,44.0,1981,LAF
217,5,Alain  Prost ,FRA,Renault,43.0,1981,PRO
195,6,John  Watson ,GBR,McLaren Ford,27.0,1981,WAT
208,7,Gilles  Villeneuve ,CAN,Ferrari,25.0,1981,VIL
215,8,Elio  de Angelis ,ITA,Lotus Ford,14.0,1981,DEA
213,9,Rene  Arnoux ,FRA,Renault,11.0,1981,ARN
211,9,Hector  Rebaque ,MEX,Brabham Ford,11.0,1981,REB
207,11,Riccardo  Patrese ,ITA,Arrows Ford,10.0,1981,PAT
219,11,Eddie Cheever ,USA,Tyrrell Ford,10.0,1981,CHE
209,13,Didier  Pironi ,FRA,Ferrari,9.0,1981,PIR
220,14,Nigel  Mansell ,GBR,Lotus Ford,8.0,1981,MAN
218,15,Bruno  Giacomelli ,ITA,Alfa Romeo,7.0,1981,GIA
221,16,Marc  Surer ,SUI,Theodore Ford,4.0,1981,SUR
171,17,Mario  Andretti ,USA,Alfa Romeo,3.0,1981,AND
205,18,Patrick  Tambay ,FRA,Ligier Matra,1.0,1981,TAM
222,18,Andrea  de Cesaris ,ITA,McLaren Ford,1.0,1981,DEC
223,18,Slim  Borgudd ,SWE,ATS Ford,1.0,1981,BOR
224,18,Eliseo  Salazar ,CHI,Ensign Ford,1.0,1981,SAL
216,1,Keke  Rosberg ,FIN,Williams Ford,44.0,1982,ROS
209,2,Didier  Pironi ,FRA,Ferrari,39.0,1982,PIR
195,2,John  Watson ,GBR,McLaren Ford,39.0,1982,WAT
217,4,Alain  Prost ,FRA,Renault,34.0,1982,PRO
190,5,Niki  Lauda ,AUT,McLaren Ford,30.0,1982,LAU
213,6,Rene  Arnoux ,FRA,Renault,28.0,1982,ARN
205,7,Patrick  Tambay ,FRA,Ferrari,25.0,1982,TAM
225,7,Michele  Alboreto ,ITA,Tyrrell Ford,25.0,1982,ALB
215,9,Elio  de Angelis ,ITA,Lotus Ford,23.0,1982,DEA
207,10,Riccardo  Patrese ,ITA,Brabham BMW,21.0,1982,PAT
214,11,Nelson  Piquet ,BRA,Brabham BMW,20.0,1982,PIQ
219,12,Eddie Cheever ,USA,Ligier Matra,15.0,1982,CHE
212,13,Derek  Daly ,IRL,Williams Ford,8.0,1982,DAL
220,14,Nigel  Mansell ,GBR,Lotus Ford,7.0,1982,MAN
184,15,Carlos  Reutemann ,ARG,Williams Ford,6.0,1982,REU
208,15,Gilles  Villeneuve ,CAN,Ferrari,6.0,1982,VIL
222,17,Andrea  de Cesaris ,ITA,Alfa Romeo,5.0,1982,DEC
200,17,Jacques  Laffite ,FRA,Ligier Matra,5.0,1982,LAF
171,19,Mario  Andretti ,USA,Ferrari,4.0,1982,AND
194,20,Jean-Pierre  Jarier ,FRA,Osella Ford,3.0,1982,JAR
221,20,Marc  Surer ,SUI,Arrows Ford,3.0,1982,SUR
226,22,Manfred  Winkelhock ,GER,ATS Ford,2.0,1982,WIN
224,22,Eliseo  Salazar ,CHI,ATS Ford,2.0,1982,SAL
218,22,Bruno  Giacomelli ,ITA,Alfa Romeo,2.0,1982,GIA
227,22,Mauro  Baldi ,ITA,Arrows Ford,2.0,1982,BAL
228,26,Chico  Serra ,BRA,Fittipaldi Ford,1.0,1982,SER
214,1,Nelson  Piquet ,BRA,Brabham BMW,59.0,1983,PIQ
217,2,Alain  Prost ,FRA,Renault,57.0,1983,PRO
213,3,Rene  Arnoux ,FRA,Ferrari,49.0,1983,ARN
205,4,Patrick  Tambay ,FRA,Ferrari,40.0,1983,TAM
216,5,Keke  Rosberg ,FIN,Williams Honda,27.0,1983,ROS
195,6,John  Watson ,GBR,McLaren Ford,22.0,1983,WAT
219,7,Eddie Cheever ,USA,Renault,22.0,1983,CHE
222,8,Andrea  de Cesaris ,ITA,Alfa Romeo,15.0,1983,DEC
207,9,Riccardo  Patrese ,ITA,Brabham BMW,13.0,1983,PAT
190,10,Niki  Lauda ,AUT,McLaren TAG,12.0,1983,LAU
200,11,Jacques  Laffite ,FRA,Williams Honda,11.0,1983,LAF
225,12,Michele  Alboreto ,ITA,Tyrrell Ford,10.0,1983,ALB
220,13,Nigel  Mansell ,GBR,Lotus Renault,10.0,1983,MAN
229,14,Derek  Warwick ,GBR,Toleman Hart,9.0,1983,WAR
221,15,Marc  Surer ,SUI,Arrows Ford,4.0,1983,SUR
227,16,Mauro  Baldi ,ITA,Alfa Romeo,3.0,1983,BAL
215,17,Elio  de Angelis ,ITA,Lotus Renault,2.0,1983,DEA
230,18,Danny  Sullivan ,USA,Tyrrell Ford,2.0,1983,SUL
218,19,Bruno  Giacomelli ,ITA,Toleman Hart,1.0,1983,GIA
231,20,Johnny  Cecotto ,VEN,Theodore Ford,1.0,1983,CEC
190,1,Niki  Lauda ,AUT,McLaren TAG,72.0,1984,LAU
217,2,Alain  Prost ,FRA,McLaren TAG,71.5,1984,PRO
215,3,Elio  de Angelis ,ITA,Lotus Renault,34.0,1984,DEA
225,4,Michele  Alboreto ,ITA,Ferrari,30.5,1984,ALB
214,5,Nelson  Piquet ,BRA,Brabham BMW,29.0,1984,PIQ
213,6,Rene  Arnoux ,FRA,Ferrari,27.0,1984,ARN
229,7,Derek  Warwick ,GBR,Renault,23.0,1984,WAR
216,8,Keke  Rosberg ,FIN,Williams Honda,20.5,1984,ROS
232,9,Ayrton  Senna ,BRA,Toleman Hart,13.0,1984,SEN
220,10,Nigel  Mansell ,GBR,Lotus Renault,13.0,1984,MAN
205,11,Patrick  Tambay ,FRA,Renault,11.0,1984,TAM
233,12,Teo  Fabi ,ITA,Brabham BMW,9.0,1984,FAB
207,13,Riccardo  Patrese ,ITA,Alfa Romeo,8.0,1984,PAT
200,14,Jacques  Laffite ,FRA,Williams Honda,5.0,1984,LAF
234,15,Thierry  Boutsen ,BEL,Arrows BMW,5.0,1984,BOU
219,16,Eddie Cheever ,USA,Alfa Romeo,3.0,1984,CHE
235,17,Stefan  Johansson ,SWE,Toleman Hart,3.0,1984,JOH
222,18,Andrea  de Cesaris ,ITA,Ligier Renault,3.0,1984,DEC
236,19,Piercarlo  Ghinzani ,ITA,Osella Alfa Romeo,2.0,1984,GHI
221,20,Marc  Surer ,SUI,Arrows BMW,1.0,1984,SUR
217,1,Alain  Prost ,FRA,McLaren TAG,73.0,1985,PRO
225,2,Michele  Alboreto ,ITA,Ferrari,53.0,1985,ALB
216,3,Keke  Rosberg ,FIN,Williams Honda,40.0,1985,ROS
232,4,Ayrton  Senna ,BRA,Lotus Renault,38.0,1985,SEN
215,5,Elio  de Angelis ,ITA,Lotus Renault,33.0,1985,DEA
220,6,Nigel  Mansell ,GBR,Williams Honda,31.0,1985,MAN
235,7,Stefan  Johansson ,SWE,Ferrari,26.0,1985,JOH
214,8,Nelson  Piquet ,BRA,Brabham BMW,21.0,1985,PIQ
200,9,Jacques  Laffite ,FRA,Ligier Renault,16.0,1985,LAF
190,10,Niki  Lauda ,AUT,McLaren TAG,14.0,1985,LAU
234,11,Thierry  Boutsen ,BEL,Arrows BMW,11.0,1985,BOU
205,12,Patrick  Tambay ,FRA,Renault,11.0,1985,TAM
221,13,Marc  Surer ,SUI,Brabham BMW,5.0,1985,SUR
229,14,Derek  Warwick ,GBR,Renault,5.0,1985,WAR
237,15,Philippe  Streiff ,FRA,Ligier Renault,4.0,1985,STR
238,16,Stefan  Bellof ,GER,Tyrrell Renault,4.0,1985,BEL
222,17,Andrea  de Cesaris ,ITA,Ligier Renault,3.0,1985,DEC
213,18,Rene  Arnoux ,FRA,Ferrari,3.0,1985,ARN
239,19,Ivan  Capelli ,ITA,Tyrrell Renault,3.0,1985,CAP
240,20,Gerhard  Berger ,AUT,Arrows BMW,3.0,1985,BER
217,1,Alain  Prost ,FRA,McLaren TAG,72.0,1986,PRO
220,2,Nigel  Mansell ,GBR,Williams Honda,70.0,1986,MAN
214,3,Nelson  Piquet ,BRA,Williams Honda,69.0,1986,PIQ
232,4,Ayrton  Senna ,BRA,Lotus Renault,55.0,1986,SEN
235,5,Stefan  Johansson ,SWE,Ferrari,23.0,1986,JOH
216,6,Keke  Rosberg ,FIN,McLaren TAG,22.0,1986,ROS
240,7,Gerhard  Berger ,AUT,Benetton BMW,17.0,1986,BER
200,8,Jacques  Laffite ,FRA,Ligier Renault,14.0,1986,LAF
225,9,Michele  Alboreto ,ITA,Ferrari,14.0,1986,ALB
213,10,Rene  Arnoux ,FRA,Ligier Renault,14.0,1986,ARN
241,11,Martin  Brundle ,GBR,Tyrrell Renault,8.0,1986,BRU
201,12,Alan Jones ,AUS,Lola Ford,4.0,1986,JON
242,13,Johnny  Dumfries ,GBR,Lotus Renault,3.0,1986,DUM
237,14,Philippe  Streiff ,FRA,Tyrrell Renault,3.0,1986,STR
233,15,Teo  Fabi ,ITA,Benetton BMW,2.0,1986,FAB
205,16,Patrick  Tambay ,FRA,Lola Ford,2.0,1986,TAM
207,17,Riccardo  Patrese ,ITA,Brabham BMW,2.0,1986,PAT
243,18,Philippe  Alliot ,FRA,Ligier Renault,1.0,1986,ALL
244,19,Christian  Danner ,GER,Arrows BMW,1.0,1986,DAN
214,1,Nelson  Piquet ,BRA,Williams Honda,73.0,1987,PIQ
220,2,Nigel  Mansell ,GBR,Williams Honda,61.0,1987,MAN
232,3,Ayrton  Senna ,BRA,Lotus Honda,57.0,1987,SEN
217,4,Alain  Prost ,FRA,McLaren TAG,46.0,1987,PRO
240,5,Gerhard  Berger ,AUT,Ferrari,36.0,1987,BER
235,6,Stefan  Johansson ,SWE,McLaren TAG,30.0,1987,JOH
225,7,Michele  Alboreto ,ITA,Ferrari,17.0,1987,ALB
234,8,Thierry  Boutsen ,BEL,Benetton Ford,16.0,1987,BOU
233,9,Teo  Fabi ,ITA,Benetton Ford,12.0,1987,FAB
219,10,Eddie Cheever ,USA,Arrows Megatron,8.0,1987,CHE
245,11,Jonathan Palmer ,GBR,Tyrrell Ford,7.0,1987,PAL
246,12,Satoru  Nakajima ,JPN,Lotus Honda,7.0,1987,NAK
207,13,Riccardo  Patrese ,ITA,Williams Honda,6.0,1987,PAT
222,14,Andrea  de Cesaris ,ITA,Brabham BMW,4.0,1987,DEC
237,15,Philippe  Streiff ,FRA,Tyrrell Ford,4.0,1987,STR
229,16,Derek  Warwick ,GBR,Arrows Megatron,3.0,1987,WAR
243,17,Philippe  Alliot ,FRA,Lola Ford,3.0,1987,ALL
241,18,Martin  Brundle ,GBR,Zakspeed,2.0,1987,BRU
213,19,Rene  Arnoux ,FRA,Ligier Megatron,1.0,1987,ARN
239,20,Ivan  Capelli ,ITA,March Ford,1.0,1987,CAP
247,21,Roberto  Moreno ,BRA,AGS Ford,1.0,1987,MOR
232,1,Ayrton  Senna ,BRA,McLaren Honda,90.0,1988,SEN
217,2,Alain  Prost ,FRA,McLaren Honda,87.0,1988,PRO
240,3,Gerhard  Berger ,AUT,Ferrari,41.0,1988,BER
234,4,Thierry  Boutsen ,BEL,Benetton Ford,27.0,1988,BOU
225,5,Michele  Alboreto ,ITA,Ferrari,24.0,1988,ALB
214,6,Nelson  Piquet ,BRA,Lotus Honda,22.0,1988,PIQ
239,7,Ivan  Capelli ,ITA,March Judd,17.0,1988,CAP
229,8,Derek  Warwick ,GBR,Arrows Megatron,17.0,1988,WAR
220,9,Nigel  Mansell ,GBR,Williams Judd,12.0,1988,MAN
248,10,Alessandro  Nannini ,ITA,Benetton Ford,12.0,1988,NAN
207,11,Riccardo  Patrese ,ITA,Williams Judd,8.0,1988,PAT
219,12,Eddie Cheever ,USA,Arrows Megatron,6.0,1988,CHE
249,13,Mauricio  Gugelmin ,BRA,March Judd,5.0,1988,GUG
245,14,Jonathan Palmer ,GBR,Tyrrell Ford,5.0,1988,PAL
222,15,Andrea  de Cesaris ,ITA,Rial Ford,3.0,1988,DEC
250,16,Pierluigi  Martini ,ITA,Minardi Ford,1.0,1988,MAR
246,17,Satoru  Nakajima ,JPN,Lotus Honda,1.0,1988,NAK
217,1,Alain  Prost ,FRA,McLaren Honda,76.0,1989,PRO
232,2,Ayrton  Senna ,BRA,McLaren Honda,60.0,1989,SEN
207,3,Riccardo  Patrese ,ITA,Williams Renault,40.0,1989,PAT
220,4,Nigel  Mansell ,GBR,Ferrari,38.0,1989,MAN
234,5,Thierry  Boutsen ,BEL,Williams Renault,37.0,1989,BOU
248,6,Alessandro  Nannini ,ITA,Benetton Ford,32.0,1989,NAN
240,7,Gerhard  Berger ,AUT,Ferrari,21.0,1989,BER
214,8,Nelson  Piquet ,BRA,Lotus Judd,12.0,1989,PIQ
251,9,Jean  Alesi ,FRA,Tyrrell Ford,8.0,1989,ALE
229,10,Derek  Warwick ,GBR,Arrows Ford,7.0,1989,WAR
235,11,Stefan  Johansson ,SWE,Onyx Ford,6.0,1989,JOH
225,11,Michele  Alboreto ,ITA,Lola Lamborghini,6.0,1989,ALB
219,11,Eddie Cheever ,USA,Arrows Ford,6.0,1989,CHE
252,14,Johnny  Herbert ,GBR,Tyrrell Ford,5.0,1989,HER
250,15,Pierluigi  Martini ,ITA,Minardi Ford,5.0,1989,MAR
222,16,Andrea  de Cesaris ,ITA,Dallara Ford,4.0,1989,DEC
249,16,Mauricio  Gugelmin ,BRA,March Judd,4.0,1989,GUG
253,16,Stefano  Modena ,ITA,Brabham Judd,4.0,1989,MOD
254,19,Alex  Caffi ,ITA,Dallara Ford,4.0,1989,CAF
241,20,Martin  Brundle ,GBR,Brabham Judd,4.0,1989,BRU
244,21,Christian  Danner ,GER,Rial Ford,3.0,1989,DAN
246,21,Satoru  Nakajima ,JPN,Lotus Judd,3.0,1989,NAK
213,23,Rene  Arnoux ,FRA,Ligier Ford,2.0,1989,ARN
255,23,Emanuele  Pirro ,ITA,Benetton Ford,2.0,1989,PIR
245,25,Jonathan Palmer ,GBR,Tyrrell Ford,2.0,1989,PAL
256,26,Gabriele  Tarquini ,ITA,AGS Ford,1.0,1989,TAR
243,26,Philippe  Alliot ,FRA,Lola Lamborghini,1.0,1989,ALL
257,26,Olivier  Grouillard ,FRA,Ligier Ford,1.0,1989,GRO
258,26,Luis  Perez-Sala ,ESP,Minardi Ford,1.0,1989,PER
232,1,Ayrton  Senna ,BRA,McLaren Honda,78.0,1990,SEN
217,2,Alain  Prost ,FRA,Ferrari,71.0,1990,PRO
214,3,Nelson  Piquet ,BRA,Benetton Ford,43.0,1990,PIQ
240,3,Gerhard  Berger ,AUT,McLaren Honda,43.0,1990,BER
220,5,Nigel  Mansell ,GBR,Ferrari,37.0,1990,MAN
234,6,Thierry  Boutsen ,BEL,Williams Renault,34.0,1990,BOU
207,7,Riccardo  Patrese ,ITA,Williams Renault,23.0,1990,PAT
248,8,Alessandro  Nannini ,ITA,Benetton Ford,21.0,1990,NAN
251,9,Jean  Alesi ,FRA,Tyrrell Ford,13.0,1990,ALE
239,10,Ivan  Capelli ,ITA,Leyton House Judd,6.0,1990,CAP
247,10,Roberto  Moreno ,BRA,Benetton Ford,6.0,1990,MOR
259,12,Aguri  Suzuki ,JPN,Lola Lamborghini,6.0,1990,SUZ
260,13,Eric  Bernard ,FRA,Lola Lamborghini,5.0,1990,BER
229,14,Derek  Warwick ,GBR,Lotus Lamborghini,3.0,1990,WAR
246,15,Satoru  Nakajima ,JPN,Tyrrell Ford,3.0,1990,NAK
254,16,Alex  Caffi ,ITA,Arrows Ford,2.0,1990,CAF
253,16,Stefano  Modena ,ITA,Brabham Judd,2.0,1990,MOD
249,18,Mauricio  Gugelmin ,BRA,Leyton House Judd,1.0,1990,GUG
232,1,Ayrton  Senna ,BRA,McLaren Honda,96.0,1991,SEN
220,2,Nigel  Mansell ,GBR,Williams Renault,72.0,1991,MAN
207,3,Riccardo  Patrese ,ITA,Williams Renault,53.0,1991,PAT
240,4,Gerhard  Berger ,AUT,McLaren Honda,43.0,1991,BER
217,5,Alain  Prost ,FRA,Ferrari,34.0,1991,PRO
214,6,Nelson  Piquet ,BRA,Benetton Ford,26.5,1991,PIQ
251,7,Jean  Alesi ,FRA,Ferrari,21.0,1991,ALE
253,8,Stefano  Modena ,ITA,Tyrrell Honda,10.0,1991,MOD
222,9,Andrea  de Cesaris ,ITA,Jordan Ford,9.0,1991,DEC
247,10,Roberto  Moreno ,BRA,Minardi Ferrari,8.0,1991,MOR
250,11,Pierluigi  Martini ,ITA,Minardi Ferrari,6.0,1991,MAR
261,12,Jyrki  Jarvilehto ,FIN,Dallara Judd,4.0,1991,JAR
262,12,Bertrand  Gachot ,FRA,Jordan Ford,4.0,1991,GAC
263,12,Michael  Schumacher ,GER,Benetton Ford,4.0,1991,MSC
264,15,Mika  Hakkinen ,FIN,Lotus Judd,2.0,1991,HAK
241,15,Martin  Brundle ,GBR,Brabham Yamaha,2.0,1991,BRU
246,15,Satoru  Nakajima ,JPN,Tyrrell Honda,2.0,1991,NAK
265,18,Julian  Bailey ,GBR,Lotus Judd,1.0,1991,BAI
260,18,Eric  Bernard ,FRA,Lola Ford,1.0,1991,BER
239,18,Ivan  Capelli ,ITA,Leyton House Ilmor,1.0,1991,CAP
259,18,Aguri  Suzuki ,JPN,Lola Ford,1.0,1991,SUZ
255,18,Emanuele  Pirro ,ITA,Dallara Judd,1.0,1991,PIR
266,18,Mark  Blundell ,GBR,Brabham Yamaha,1.0,1991,BLU
267,24,Gianni  Morbidelli ,ITA,Ferrari,0.5,1991,MOR
220,1,Nigel  Mansell ,GBR,Williams Renault,108.0,1992,MAN
207,2,Riccardo  Patrese ,ITA,Williams Renault,56.0,1992,PAT
263,3,Michael  Schumacher ,GER,Benetton Ford,53.0,1992,MSC
232,4,Ayrton  Senna ,BRA,McLaren Honda,50.0,1992,SEN
240,5,Gerhard  Berger ,AUT,McLaren Honda,49.0,1992,BER
241,6,Martin  Brundle ,GBR,Benetton Ford,38.0,1992,BRU
251,7,Jean  Alesi ,FRA,Ferrari,18.0,1992,ALE
264,8,Mika  Hakkinen ,FIN,Lotus Ford,11.0,1992,HAK
222,9,Andrea  de Cesaris ,ITA,Tyrrell Ilmor,8.0,1992,DEC
225,10,Michele  Alboreto ,ITA,Footwork Mugen Honda,6.0,1992,ALB
268,11,Erik  Comas ,FRA,Ligier Renault,4.0,1992,COM
269,12,Karl  Wendlinger ,AUT,March Ilmor,3.0,1992,WEN
239,12,Ivan  Capelli ,ITA,Ferrari,3.0,1992,CAP
234,14,Thierry  Boutsen ,BEL,Ligier Renault,2.0,1992,BOU
250,15,Pierluigi  Martini ,ITA,Dallara Ferrari,2.0,1992,MAR
252,16,Johnny  Herbert ,GBR,Lotus Ford,2.0,1992,HER
253,17,Stefano  Modena ,ITA,Jordan Yamaha,1.0,1992,MOD
270,18,Christian  Fittipaldi ,BRA,Minardi Lamborghini,1.0,1992,FIT
262,19,Bertrand  Gachot ,FRA,Venturi Lamborghini,1.0,1992,GAC
217,1,Alain  Prost ,FRA,Williams Renault,99.0,1993,PRO
232,2,Ayrton  Senna ,BRA,McLaren Ford,73.0,1993,SEN
271,3,Damon  Hill ,GBR,Williams Renault,69.0,1993,HIL
263,4,Michael  Schumacher ,GER,Benetton Ford,52.0,1993,MSC
207,5,Riccardo  Patrese ,ITA,Benetton Ford,20.0,1993,PAT
251,6,Jean  Alesi ,FRA,Ferrari,16.0,1993,ALE
241,7,Martin  Brundle ,GBR,Ligier Renault,13.0,1993,BRU
240,8,Gerhard  Berger ,AUT,Ferrari,12.0,1993,BER
252,9,Johnny  Herbert ,GBR,Lotus Ford,11.0,1993,HER
266,10,Mark  Blundell ,GBR,Ligier Renault,10.0,1993,BLU
272,11,Michael  Andretti ,USA,McLaren Ford,7.0,1993,AND
269,12,Karl  Wendlinger ,AUT,Sauber,7.0,1993,WEN
270,13,Christian  Fittipaldi ,BRA,Minardi Ford,5.0,1993,FIT
261,13,Jyrki  Jarvilehto ,FIN,Sauber,5.0,1993,JAR
264,15,Mika  Hakkinen ,FIN,McLaren Ford,4.0,1993,HAK
229,16,Derek  Warwick ,GBR,Footwork Mugen Honda,4.0,1993,WAR
243,17,Philippe  Alliot ,FRA,Larrousse Lamborghini,2.0,1993,ALL
273,17,Rubens  Barrichello ,BRA,Jordan Hart,2.0,1993,BAR
274,19,Fabrizio  Barbazza ,ITA,Minardi Ford,2.0,1993,BAR
275,20,Alessandro  Zanardi ,ITA,Lotus Ford,1.0,1993,ZAN
268,20,Erik  Comas ,FRA,Larrousse Lamborghini,1.0,1993,COM
276,20,Eddie  Irvine ,GBR,Jordan Hart,1.0,1993,IRV
263,1,Michael  Schumacher ,GER,Benetton Ford,92.0,1994,MSC
271,2,Damon  Hill ,GBR,Williams Renault,91.0,1994,HIL
240,3,Gerhard  Berger ,AUT,Ferrari,41.0,1994,BER
264,4,Mika  Hakkinen ,FIN,McLaren Peugeot,26.0,1994,HAK
251,5,Jean  Alesi ,FRA,Ferrari,24.0,1994,ALE
273,6,Rubens  Barrichello ,BRA,Jordan Hart,19.0,1994,BAR
241,7,Martin  Brundle ,GBR,McLaren Peugeot,16.0,1994,BRU
277,8,David  Coulthard ,GBR,Williams Renault,14.0,1994,COU
220,9,Nigel  Mansell ,GBR,Williams Renault,13.0,1994,MAN
278,10,Jos  Verstappen ,NED,Benetton Ford,10.0,1994,VER
279,11,Olivier  Panis ,FRA,Ligier Renault,9.0,1994,PAN
266,12,Mark  Blundell ,GBR,Tyrrell Yamaha,8.0,1994,BLU
280,13,Heinz-Harald  Frentzen ,GER,Sauber Mercedes,7.0,1994,FRE
281,14,Nicola  Larini ,ITA,Ferrari,6.0,1994,LAR
270,15,Christian  Fittipaldi ,BRA,Footwork Ford,6.0,1994,FIT
276,16,Eddie  Irvine ,GBR,Jordan Hart,6.0,1994,IRV
282,17,Ukyo  Katayama ,JPN,Tyrrell Yamaha,5.0,1994,KAT
260,18,Eric  Bernard ,FRA,Lotus Mugen Honda,4.0,1994,BER
269,19,Karl  Wendlinger ,AUT,Sauber Mercedes,4.0,1994,WEN
222,20,Andrea  de Cesaris ,ITA,Sauber Mercedes,4.0,1994,DEC
250,21,Pierluigi  Martini ,ITA,Minardi Ford,4.0,1994,MAR
267,22,Gianni  Morbidelli ,ITA,Footwork Ford,3.0,1994,MOR
268,23,Erik  Comas ,FRA,Larrousse Ford,2.0,1994,COM
225,24,Michele  Alboreto ,ITA,Minardi Ford,1.0,1994,ALB
261,25,Jyrki  Jarvilehto ,FIN,Sauber Mercedes,1.0,1994,JAR
263,1,Michael  Schumacher ,GER,Benetton Renault,102.0,1995,MSC
271,2,Damon  Hill ,GBR,Williams Renault,69.0,1995,HIL
277,3,David  Coulthard ,GBR,Williams Renault,49.0,1995,COU
252,4,Johnny  Herbert ,GBR,Benetton Renault,45.0,1995,HER
251,5,Jean  Alesi ,FRA,Ferrari,42.0,1995,ALE
240,6,Gerhard  Berger ,AUT,Ferrari,31.0,1995,BER
264,7,Mika  Hakkinen ,FIN,McLaren Mercedes,17.0,1995,HAK
279,8,Olivier  Panis ,FRA,Ligier Mugen Honda,16.0,1995,PAN
280,9,Heinz-Harald  Frentzen ,GER,Sauber Ford,15.0,1995,FRE
266,10,Mark  Blundell ,GBR,McLaren Mercedes,13.0,1995,BLU
273,11,Rubens  Barrichello ,BRA,Jordan Peugeot,11.0,1995,BAR
276,12,Eddie  Irvine ,GBR,Jordan Peugeot,10.0,1995,IRV
241,13,Martin  Brundle ,GBR,Ligier Mugen Honda,7.0,1995,BRU
267,14,Gianni  Morbidelli ,ITA,Footwork Hart,5.0,1995,MOR
283,15,Mika  Salo ,FIN,Tyrrell Yamaha,5.0,1995,SAL
284,16,Jean-Christophe  Boullion ,FRA,Sauber Ford,3.0,1995,BOU
259,17,Aguri  Suzuki ,JPN,Ligier Mugen Honda,1.0,1995,SUZ
285,18,Pedro  Lamy ,POR,Minardi Ford,1.0,1995,LAM
271,1,Damon  Hill ,GBR,Williams Renault,97.0,1996,HIL
286,2,Jacques  Villeneuve ,CAN,Williams Renault,78.0,1996,VIL
263,3,Michael  Schumacher ,GER,Ferrari,59.0,1996,MSC
251,4,Jean  Alesi ,FRA,Benetton Renault,47.0,1996,ALE
264,5,Mika  Hakkinen ,FIN,McLaren Mercedes,31.0,1996,HAK
240,6,Gerhard  Berger ,AUT,Benetton Renault,21.0,1996,BER
277,7,David  Coulthard ,GBR,McLaren Mercedes,18.0,1996,COU
273,8,Rubens  Barrichello ,BRA,Jordan Peugeot,14.0,1996,BAR
279,9,Olivier  Panis ,FRA,Ligier Mugen Honda,13.0,1996,PAN
276,10,Eddie  Irvine ,GBR,Ferrari,11.0,1996,IRV
241,11,Martin  Brundle ,GBR,Jordan Peugeot,8.0,1996,BRU
280,12,Heinz-Harald  Frentzen ,GER,Sauber Ford,7.0,1996,FRE
283,13,Mika  Salo ,FIN,Tyrrell Yamaha,5.0,1996,SAL
252,14,Johnny  Herbert ,GBR,Sauber Ford,4.0,1996,HER
287,15,Pedro  Diniz ,BRA,Ligier Mugen Honda,2.0,1996,DIN
278,16,Jos  Verstappen ,NED,Footwork Hart,1.0,1996,VER
286,1,Jacques  Villeneuve ,CAN,Williams Renault,81.0,1997,VIL
263,0,Michael  Schumacher ,GER,Ferrari,78.0,1997,MSC
280,2,Heinz-Harald  Frentzen ,GER,Williams Renault,42.0,1997,FRE
277,3,David  Coulthard ,GBR,McLaren Mercedes,36.0,1997,COU
251,4,Jean  Alesi ,FRA,Benetton Renault,36.0,1997,ALE
240,5,Gerhard  Berger ,AUT,Benetton Renault,27.0,1997,BER
264,6,Mika  Hakkinen ,FIN,McLaren Mercedes,27.0,1997,HAK
276,7,Eddie  Irvine ,GBR,Ferrari,24.0,1997,IRV
288,8,Giancarlo  Fisichella ,ITA,Jordan Peugeot,20.0,1997,FIS
279,9,Olivier  Panis ,FRA,Prost Mugen Honda,16.0,1997,PAN
252,10,Johnny  Herbert ,GBR,Sauber Petronas,15.0,1997,HER
289,11,Ralf  Schumacher ,GER,Jordan Peugeot,13.0,1997,RSC
271,12,Damon  Hill ,GBR,Arrows Yamaha,7.0,1997,HIL
273,13,Rubens  Barrichello ,BRA,Stewart Ford,6.0,1997,BAR
290,14,Alexander  Wurz ,AUT,Benetton Renault,4.0,1997,WUR
291,15,Jarno  Trulli ,ITA,Prost Mugen Honda,3.0,1997,TRU
283,16,Mika  Salo ,FIN,Tyrrell Ford,2.0,1997,SAL
287,17,Pedro  Diniz ,BRA,Arrows Yamaha,2.0,1997,DIN
292,18,Shinji  Nakano ,JPN,Prost Mugen Honda,2.0,1997,NAK
281,19,Nicola  Larini ,ITA,Sauber Petronas,1.0,1997,LAR
264,1,Mika  Hakkinen ,FIN,McLaren Mercedes,100.0,1998,HAK
263,2,Michael  Schumacher ,GER,Ferrari,86.0,1998,MSC
277,3,David  Coulthard ,GBR,McLaren Mercedes,56.0,1998,COU
276,4,Eddie  Irvine ,GBR,Ferrari,47.0,1998,IRV
286,5,Jacques  Villeneuve ,CAN,Williams Mecachrome,21.0,1998,VIL
271,6,Damon  Hill ,GBR,Jordan Mugen Honda,20.0,1998,HIL
280,7,Heinz-Harald  Frentzen ,GER,Williams Mecachrome,17.0,1998,FRE
290,8,Alexander  Wurz ,AUT,Benetton Playlife,17.0,1998,WUR
288,9,Giancarlo  Fisichella ,ITA,Benetton Playlife,16.0,1998,FIS
289,10,Ralf  Schumacher ,GER,Jordan Mugen Honda,14.0,1998,RSC
251,11,Jean  Alesi ,FRA,Sauber Petronas,9.0,1998,ALE
273,12,Rubens  Barrichello ,BRA,Stewart Ford,4.0,1998,BAR
283,13,Mika  Salo ,FIN,Arrows,3.0,1998,SAL
287,14,Pedro  Diniz ,BRA,Arrows,3.0,1998,DIN
252,15,Johnny  Herbert ,GBR,Sauber Petronas,1.0,1998,HER
293,16,Jan  Magnussen ,DEN,Stewart Ford,1.0,1998,MAG
291,17,Jarno  Trulli ,ITA,Prost Peugeot,1.0,1998,TRU
294,18,Ricardo  Rosset ,BRA,Tyrrell Ford,0.0,1998,ROS
279,19,Olivier  Panis ,FRA,Prost Peugeot,0.0,1998,PAN
295,20,Toranosuke  Takagi ,JPN,Tyrrell Ford,0.0,1998,TAK
292,21,Shinji  Nakano ,JPN,Minardi Ford,0.0,1998,NAK
296,22,Esteban  Tuero ,ARG,Minardi Ford,0.0,1998,TUE
278,23,Jos  Verstappen ,NED,Stewart Ford,0.0,1998,VER
264,1,Mika  Hakkinen ,FIN,McLaren Mercedes,76.0,1999,HAK
276,2,Eddie  Irvine ,GBR,Ferrari,74.0,1999,IRV
280,3,Heinz-Harald  Frentzen ,GER,Jordan Mugen Honda,54.0,1999,FRE
277,4,David  Coulthard ,GBR,McLaren Mercedes,48.0,1999,COU
263,5,Michael  Schumacher ,GER,Ferrari,44.0,1999,MSC
289,6,Ralf  Schumacher ,GER,Williams Supertec,35.0,1999,RSC
273,7,Rubens  Barrichello ,BRA,Stewart Ford,21.0,1999,BAR
252,8,Johnny  Herbert ,GBR,Stewart Ford,15.0,1999,HER
288,9,Giancarlo  Fisichella ,ITA,Benetton Playlife,13.0,1999,FIS
283,10,Mika  Salo ,FIN,Ferrari,10.0,1999,SAL
291,11,Jarno  Trulli ,ITA,Prost Peugeot,7.0,1999,TRU
271,12,Damon  Hill ,GBR,Jordan Mugen Honda,7.0,1999,HIL
290,13,Alexander  Wurz ,AUT,Benetton Playlife,3.0,1999,WUR
287,14,Pedro  Diniz ,BRA,Sauber Petronas,3.0,1999,DIN
279,15,Olivier  Panis ,FRA,Prost Peugeot,2.0,1999,PAN
251,16,Jean  Alesi ,FRA,Sauber Petronas,2.0,1999,ALE
297,17,Pedro  de la Rosa ,ESP,Arrows,1.0,1999,DLR
298,18,Marc  Gene ,ESP,Minardi Ford,1.0,1999,GEN
263,1,Michael  Schumacher ,GER,Ferrari,108.0,2000,MSC
264,2,Mika  Hakkinen ,FIN,McLaren Mercedes,89.0,2000,HAK
277,3,David  Coulthard ,GBR,McLaren Mercedes,73.0,2000,COU
273,4,Rubens  Barrichello ,BRA,Ferrari,62.0,2000,BAR
289,5,Ralf  Schumacher ,GER,Williams BMW,24.0,2000,RSC
288,6,Giancarlo  Fisichella ,ITA,Benetton Playlife,18.0,2000,FIS
286,7,Jacques  Villeneuve ,CAN,BAR Honda,17.0,2000,VIL
299,8,Jenson  Button ,GBR,Williams BMW,12.0,2000,BUT
280,9,Heinz-Harald  Frentzen ,GER,Jordan Mugen Honda,11.0,2000,FRE
291,10,Jarno  Trulli ,ITA,Jordan Mugen Honda,6.0,2000,TRU
283,11,Mika  Salo ,FIN,Sauber Petronas,6.0,2000,SAL
278,12,Jos  Verstappen ,NED,Arrows Supertec,5.0,2000,VER
276,13,Eddie  Irvine ,GBR,Jaguar Cosworth,4.0,2000,IRV
300,14,Ricardo  Zonta ,BRA,BAR Honda,3.0,2000,ZON
290,15,Alexander  Wurz ,AUT,Benetton Playlife,2.0,2000,WUR
297,16,Pedro  de la Rosa ,ESP,Arrows Supertec,2.0,2000,DLR
287,17,Pedro  Diniz ,BRA,Sauber Petronas,0.0,2000,DIN
252,18,Johnny  Herbert ,GBR,Jaguar Cosworth,0.0,2000,HER
298,19,Marc  Gene ,ESP,Minardi Fondmetal,0.0,2000,GEN
301,20,Gaston  Mazzacane ,ARG,Minardi Fondmetal,0.0,2000,MAZ
302,21,Nick  Heidfeld ,GER,Prost Peugeot,0.0,2000,HEI
251,22,Jean  Alesi ,FRA,Prost Peugeot,0.0,2000,ALE
303,23,Luciano  Burti ,BRA,Jaguar Cosworth,0.0,2000,BUR
263,1,Michael  Schumacher ,GER,Ferrari,123.0,2001,MSC
277,2,David  Coulthard ,GBR,McLaren Mercedes,65.0,2001,COU
273,3,Rubens  Barrichello ,BRA,Ferrari,56.0,2001,BAR
289,4,Ralf  Schumacher ,GER,Williams BMW,49.0,2001,RSC
264,5,Mika  Hakkinen ,FIN,McLaren Mercedes,37.0,2001,HAK
304,6,Juan Pablo  Montoya ,COL,Williams BMW,31.0,2001,MOY
286,7,Jacques  Villeneuve ,CAN,BAR Honda,12.0,2001,VIL
302,8,Nick  Heidfeld ,GER,Sauber Petronas,12.0,2001,HEI
291,9,Jarno  Trulli ,ITA,Jordan Honda,12.0,2001,TRU
305,10,Kimi Raikkonen,FIN,Sauber Petronas,9.0,2001,RAI
288,11,Giancarlo  Fisichella ,ITA,Benetton Renault,8.0,2001,FIS
276,12,Eddie  Irvine ,GBR,Jaguar Cosworth,6.0,2001,IRV
280,13,Heinz-Harald  Frentzen ,GER,Prost Acer,6.0,2001,FRE
279,14,Olivier  Panis ,FRA,BAR Honda,5.0,2001,PAN
251,15,Jean  Alesi ,FRA,Jordan Honda,5.0,2001,ALE
297,16,Pedro  de la Rosa ,ESP,Jaguar Cosworth,3.0,2001,DLR
299,17,Jenson  Button ,GBR,Benetton Renault,2.0,2001,BUT
278,18,Jos  Verstappen ,NED,Arrows Asiatech,1.0,2001,VER
263,1,Michael  Schumacher ,GER,Ferrari,144.0,2002,MSC
273,2,Rubens  Barrichello ,BRA,Ferrari,77.0,2002,BAR
304,3,Juan Pablo  Montoya ,COL,Williams BMW,50.0,2002,MOY
289,4,Ralf  Schumacher ,GER,Williams BMW,42.0,2002,RSC
277,5,David  Coulthard ,GBR,McLaren Mercedes,41.0,2002,COU
305,6,Kimi Raikkonen,FIN,McLaren Mercedes,24.0,2002,RAI
299,7,Jenson  Button ,GBR,Renault,14.0,2002,BUT
291,8,Jarno  Trulli ,ITA,Renault,9.0,2002,TRU
276,9,Eddie  Irvine ,GBR,Jaguar Cosworth,8.0,2002,IRV
302,10,Nick  Heidfeld ,GER,Sauber Petronas,7.0,2002,HEI
288,11,Giancarlo  Fisichella ,ITA,Jordan Honda,7.0,2002,FIS
286,12,Jacques  Villeneuve ,CAN,BAR Honda,4.0,2002,VIL
306,13,Felipe  Massa ,BRA,Sauber Petronas,4.0,2002,MAS
279,14,Olivier  Panis ,FRA,BAR Honda,3.0,2002,PAN
307,15,Takuma  Sato ,JPN,Jordan Honda,2.0,2002,SAT
308,16,Mark  Webber ,AUS,Minardi Asiatech,2.0,2002,WEB
283,17,Mika  Salo ,FIN,Toyota,2.0,2002,SAL
280,18,Heinz-Harald  Frentzen ,GER,Sauber Petronas,2.0,2002,FRE
309,19,Allan  McNish ,GBR,Toyota,0.0,2002,MCN
310,20,Alex  Yoong ,MAS,Minardi Asiatech,0.0,2002,YOO
297,21,Pedro  de la Rosa ,ESP,Jaguar Cosworth,0.0,2002,DLR
311,22,Enrique  Bernoldi ,BRA,Arrows Cosworth,0.0,2002,BER
263,1,Michael  Schumacher ,GER,Ferrari,93.0,2003,MSC
305,2,Kimi Raikkonen,FIN,McLaren Mercedes,91.0,2003,RAI
304,3,Juan Pablo  Montoya ,COL,Williams BMW,82.0,2003,MOY
273,4,Rubens  Barrichello ,BRA,Ferrari,65.0,2003,BAR
289,5,Ralf  Schumacher ,GER,Williams BMW,58.0,2003,RSC
312,6,Fernando  Alonso ,ESP,Renault,55.0,2003,ALO
277,7,David  Coulthard ,GBR,McLaren Mercedes,51.0,2003,COU
291,8,Jarno  Trulli ,ITA,Renault,33.0,2003,TRU
299,9,Jenson  Button ,GBR,BAR Honda,17.0,2003,BUT
308,10,Mark  Webber ,AUS,Jaguar Cosworth,17.0,2003,WEB
280,11,Heinz-Harald  Frentzen ,GER,Sauber Petronas,13.0,2003,FRE
288,12,Giancarlo  Fisichella ,ITA,Jordan Ford,12.0,2003,FIS
313,13,Cristiano  da Matta ,BRA,Toyota,10.0,2003,DAM
302,14,Nick  Heidfeld ,GER,Sauber Petronas,6.0,2003,HEI
279,15,Olivier  Panis ,FRA,Toyota,6.0,2003,PAN
286,16,Jacques  Villeneuve ,CAN,BAR Honda,6.0,2003,VIL
298,17,Marc  Gene ,ESP,Williams BMW,4.0,2003,GEN
307,18,Takuma  Sato ,JPN,BAR Honda,3.0,2003,SAT
314,19,Ralph  Firman ,IRL,Jordan Ford,1.0,2003,FIR
315,20,Justin  Wilson ,GBR,Jaguar Cosworth,1.0,2003,WIL
316,21,Antonio  Pizzonia ,BRA,Jaguar Cosworth,0.0,2003,PIZ
278,22,Jos  Verstappen ,NED,Minardi Cosworth,0.0,2003,VER
317,23,Nicolas  Kiesa ,DEN,Minardi Cosworth,0.0,2003,KIE
318,24,Zsolt  Baumgartner ,HUN,Jordan Ford,0.0,2003,BAU
263,1,Michael  Schumacher ,GER,Ferrari,148.0,2004,MSC
273,2,Rubens  Barrichello ,BRA,Ferrari,114.0,2004,BAR
299,3,Jenson  Button ,GBR,BAR Honda,85.0,2004,BUT
312,4,Fernando  Alonso ,ESP,Renault,59.0,2004,ALO
304,5,Juan Pablo  Montoya ,COL,Williams BMW,58.0,2004,MOY
291,6,Jarno  Trulli ,ITA,Toyota,46.0,2004,TRU
305,7,Kimi Raikkonen,FIN,McLaren Mercedes,45.0,2004,RAI
307,8,Takuma  Sato ,JPN,BAR Honda,34.0,2004,SAT
289,9,Ralf  Schumacher ,GER,Williams BMW,24.0,2004,RSC
277,10,David  Coulthard ,GBR,McLaren Mercedes,24.0,2004,COU
288,11,Giancarlo  Fisichella ,ITA,Sauber Petronas,22.0,2004,FIS
306,12,Felipe  Massa ,BRA,Sauber Petronas,12.0,2004,MAS
308,13,Mark  Webber ,AUS,Jaguar Cosworth,7.0,2004,WEB
279,14,Olivier  Panis ,FRA,Toyota,6.0,2004,PAN
316,15,Antonio  Pizzonia ,BRA,Williams BMW,6.0,2004,PIZ
319,16,Christian  Klien ,AUT,Jaguar Cosworth,3.0,2004,KLI
313,17,Cristiano  da Matta ,BRA,Toyota,3.0,2004,DAM
302,18,Nick  Heidfeld ,GER,Jordan Ford,3.0,2004,HEI
320,19,Timo  Glock ,GER,Jordan Ford,2.0,2004,GLO
318,20,Zsolt  Baumgartner ,HUN,Minardi Cosworth,1.0,2004,BAU
286,21,Jacques  Villeneuve ,CAN,Renault,0.0,2004,VIL
300,22,Ricardo  Zonta ,BRA,Toyota,0.0,2004,ZON
298,23,Marc  Gene ,ESP,Williams BMW,0.0,2004,GEN
321,24,Giorgio  Pantano ,ITA,Jordan Ford,0.0,2004,PAN
322,25,Gianmaria  Bruni ,ITA,Minardi Cosworth,0.0,2004,BRU
312,1,Fernando  Alonso ,ESP,Renault,133.0,2005,ALO
305,2,Kimi Raikkonen,FIN,McLaren Mercedes,112.0,2005,RAI
263,3,Michael  Schumacher ,GER,Ferrari,62.0,2005,MSC
304,4,Juan Pablo  Montoya ,COL,McLaren Mercedes,60.0,2005,MOY
288,5,Giancarlo  Fisichella ,ITA,Renault,58.0,2005,FIS
289,6,Ralf  Schumacher ,GER,Toyota,45.0,2005,RSC
291,7,Jarno  Trulli ,ITA,Toyota,43.0,2005,TRU
273,8,Rubens  Barrichello ,BRA,Ferrari,38.0,2005,BAR
299,9,Jenson  Button ,GBR,BAR Honda,37.0,2005,BUT
308,10,Mark  Webber ,AUS,Williams BMW,36.0,2005,WEB
302,11,Nick  Heidfeld ,GER,Williams BMW,28.0,2005,HEI
277,12,David  Coulthard ,GBR,RBR Cosworth,24.0,2005,COU
306,13,Felipe  Massa ,BRA,Sauber Petronas,11.0,2005,MAS
286,14,Jacques  Villeneuve ,CAN,Sauber Petronas,9.0,2005,VIL
319,15,Christian  Klien ,AUT,RBR Cosworth,9.0,2005,KLI
323,16,Tiago  Monteiro ,POR,Jordan Toyota,7.0,2005,MON
290,17,Alexander  Wurz ,AUT,McLaren Mercedes,6.0,2005,WUR
324,18,Narain  Karthikeyan ,IND,Jordan Toyota,5.0,2005,KAR
325,19,Christijan  Albers ,NED,Minardi Cosworth,4.0,2005,ALB
297,20,Pedro  de la Rosa ,ESP,McLaren Mercedes,4.0,2005,DLR
326,21,Patrick  Friesacher,AUT,Minardi Cosworth,3.0,2005,FRI
316,22,Antonio  Pizzonia ,BRA,Williams BMW,2.0,2005,PIZ
307,23,Takuma  Sato ,JPN,BAR Honda,1.0,2005,SAT
327,24,Vitantonio  Liuzzi ,ITA,RBR Cosworth,1.0,2005,LIU
328,25,Robert  Doornbos ,MON,Minardi Cosworth,0.0,2005,DOO
312,1,Fernando  Alonso ,ESP,Renault,134.0,2006,ALO
263,2,Michael  Schumacher ,GER,Ferrari,121.0,2006,MSC
306,3,Felipe  Massa ,BRA,Ferrari,80.0,2006,MAS
288,4,Giancarlo  Fisichella ,ITA,Renault,72.0,2006,FIS
305,5,Kimi Raikkonen,FIN,McLaren Mercedes,65.0,2006,RAI
299,6,Jenson  Button ,GBR,Honda,56.0,2006,BUT
273,7,Rubens  Barrichello ,BRA,Honda,30.0,2006,BAR
304,8,Juan Pablo  Montoya ,COL,McLaren Mercedes,26.0,2006,MOY
302,9,Nick  Heidfeld ,GER,Sauber BMW,23.0,2006,HEI
289,10,Ralf  Schumacher ,GER,Toyota,20.0,2006,RSC
297,11,Pedro  de la Rosa ,ESP,McLaren Mercedes,19.0,2006,DLR
291,12,Jarno  Trulli ,ITA,Toyota,15.0,2006,TRU
277,13,David  Coulthard ,GBR,RBR Ferrari,14.0,2006,COU
308,14,Mark  Webber ,AUS,Williams Cosworth,7.0,2006,WEB
286,15,Jacques  Villeneuve ,CAN,Sauber BMW,7.0,2006,VIL
329,16,Robert  Kubica ,POL,Sauber BMW,6.0,2006,KUB
330,17,Nico  Rosberg ,GER,Williams Cosworth,4.0,2006,ROS
319,18,Christian  Klien ,AUT,RBR Ferrari,2.0,2006,KLI
327,19,Vitantonio  Liuzzi ,ITA,STR Cosworth,1.0,2006,LIU
331,20,Scott  Speed ,USA,STR Cosworth,0.0,2006,SPE
323,21,Tiago  Monteiro ,POR,MF1 Toyota,0.0,2006,MON
325,22,Christijan  Albers ,NED,MF1 Toyota,0.0,2006,ALB
307,23,Takuma  Sato ,JPN,Super Aguri Honda,0.0,2006,SAT
328,24,Robert  Doornbos ,NED,RBR Ferrari,0.0,2006,DOO
332,25,Yuji  Ide ,JPN,Super Aguri Honda,0.0,2006,IDE
333,26,Sakon  Yamamoto ,JPN,Super Aguri Honda,0.0,2006,YAM
334,27,Franck  Montagny ,FRA,Super Aguri Honda,0.0,2006,MON
305,1,Kimi Raikkonen,FIN,Ferrari,110.0,2007,RAI
335,2,Lewis  Hamilton ,GBR,McLaren Mercedes,109.0,2007,HAM
312,3,Fernando  Alonso ,ESP,McLaren Mercedes,109.0,2007,ALO
306,4,Felipe  Massa ,BRA,Ferrari,94.0,2007,MAS
302,5,Nick  Heidfeld ,GER,Sauber BMW,61.0,2007,HEI
329,6,Robert  Kubica ,POL,Sauber BMW,39.0,2007,KUB
336,7,Heikki  Kovalainen ,FIN,Renault,30.0,2007,KOV
288,8,Giancarlo  Fisichella ,ITA,Renault,21.0,2007,FIS
330,9,Nico  Rosberg ,GER,Williams Toyota,20.0,2007,ROS
277,10,David  Coulthard ,GBR,Red Bull Renault,14.0,2007,COU
290,11,Alexander  Wurz ,AUT,Williams Toyota,13.0,2007,WUR
308,12,Mark  Webber ,AUS,Red Bull Renault,10.0,2007,WEB
291,13,Jarno  Trulli ,ITA,Toyota,8.0,2007,TRU
337,14,Sebastian  Vettel ,GER,STR Ferrari,6.0,2007,VET
299,15,Jenson  Button ,GBR,Honda,6.0,2007,BUT
289,16,Ralf  Schumacher ,GER,Toyota,5.0,2007,RSC
307,17,Takuma  Sato ,JPN,Super Aguri Honda,4.0,2007,SAT
327,18,Vitantonio  Liuzzi ,ITA,STR Ferrari,3.0,2007,LIU
338,19,Adrian  Sutil ,GER,Spyker Ferrari,1.0,2007,SUT
273,20,Rubens  Barrichello ,BRA,Honda,0.0,2007,BAR
331,21,Scott  Speed ,USA,STR Ferrari,0.0,2007,SPE
339,22,Kazuki  Nakajima ,JPN,Williams Toyota,0.0,2007,NAK
340,23,Anthony  Davidson ,GBR,Super Aguri Honda,0.0,2007,DAV
333,24,Sakon  Yamamoto ,JPN,Spyker Ferrari,0.0,2007,YAM
325,25,Christijan  Albers ,NED,Spyker Ferrari,0.0,2007,ALB
335,1,Lewis  Hamilton ,GBR,McLaren Mercedes,98.0,2008,HAM
306,2,Felipe  Massa ,BRA,Ferrari,97.0,2008,MAS
305,3,Kimi Raikkonen,FIN,Ferrari,75.0,2008,RAI
329,4,Robert  Kubica ,POL,Sauber BMW,75.0,2008,KUB
312,5,Fernando  Alonso ,ESP,Renault,61.0,2008,ALO
302,6,Nick  Heidfeld ,GER,Sauber BMW,60.0,2008,HEI
336,7,Heikki  Kovalainen ,FIN,McLaren Mercedes,53.0,2008,KOV
337,8,Sebastian  Vettel ,GER,STR Ferrari,35.0,2008,VET
291,9,Jarno  Trulli ,ITA,Toyota,31.0,2008,TRU
320,10,Timo  Glock ,GER,Toyota,25.0,2008,GLO
308,11,Mark  Webber ,AUS,Red Bull Renault,21.0,2008,WEB
214,12,Nelson  Piquet ,BRA,Renault,19.0,2008,PIQ
330,13,Nico  Rosberg ,GER,Williams Toyota,17.0,2008,ROS
273,14,Rubens  Barrichello ,BRA,Honda,11.0,2008,BAR
339,15,Kazuki  Nakajima ,JPN,Williams Toyota,9.0,2008,NAK
277,16,David  Coulthard ,GBR,Red Bull Renault,8.0,2008,COU
341,17,Sebastien  Bourdais ,FRA,STR Ferrari,4.0,2008,BOU
299,18,Jenson  Button ,GBR,Honda,3.0,2008,BUT
288,19,Giancarlo  Fisichella ,ITA,Force India Ferrari,0.0,2008,FIS
338,20,Adrian  Sutil ,GER,Force India Ferrari,0.0,2008,SUT
307,21,Takuma  Sato ,JPN,Super Aguri Honda,0.0,2008,SAT
340,22,Anthony  Davidson ,GBR,Super Aguri Honda,0.0,2008,DAV
299,1,Jenson  Button ,GBR,Brawn Mercedes,95.0,2009,BUT
337,2,Sebastian  Vettel ,GER,RBR Renault,84.0,2009,VET
273,3,Rubens  Barrichello ,BRA,Brawn Mercedes,77.0,2009,BAR
308,4,Mark  Webber ,AUS,RBR Renault,69.5,2009,WEB
335,5,Lewis  Hamilton ,GBR,McLaren Mercedes,49.0,2009,HAM
305,6,Kimi Raikkonen,FIN,Ferrari,48.0,2009,RAI
330,7,Nico  Rosberg ,GER,Williams Toyota,34.5,2009,ROS
291,8,Jarno  Trulli ,ITA,Toyota,32.5,2009,TRU
312,9,Fernando  Alonso ,ESP,Renault,26.0,2009,ALO
320,10,Timo  Glock ,GER,Toyota,24.0,2009,GLO
306,11,Felipe  Massa ,BRA,Ferrari,22.0,2009,MAS
336,12,Heikki  Kovalainen ,FIN,McLaren Mercedes,22.0,2009,KOV
302,13,Nick  Heidfeld ,GER,Sauber BMW,19.0,2009,HEI
329,14,Robert  Kubica ,POL,Sauber BMW,17.0,2009,KUB
288,15,Giancarlo  Fisichella ,ITA,Ferrari,8.0,2009,FIS
342,16,Sebastien  Buemi ,SUI,STR Ferrari,6.0,2009,BUE
338,17,Adrian  Sutil ,GER,Force India Mercedes,5.0,2009,SUT
343,18,Kamui  Kobayashi ,JPN,Toyota,3.0,2009,KOB
341,19,Sebastien  Bourdais ,FRA,STR Ferrari,2.0,2009,BOU
339,20,Kazuki  Nakajima ,JPN,Williams Toyota,0.0,2009,NAK
214,21,Nelson  Piquet ,BRA,Renault,0.0,2009,PIQ
327,22,Vitantonio  Liuzzi ,ITA,Force India Mercedes,0.0,2009,LIU
344,23,Romain  Grosjean ,FRA,Renault,0.0,2009,GRO
345,24,Jaime  Alguersuari ,ESP,STR Ferrari,0.0,2009,ALG
346,25,Luca  Badoer ,ITA,Ferrari,0.0,2009,BAD
337,1,Sebastian  Vettel ,GER,RBR Renault,256.0,2010,VET
312,2,Fernando  Alonso ,ESP,Ferrari,252.0,2010,ALO
308,3,Mark  Webber ,AUS,RBR Renault,242.0,2010,WEB
335,4,Lewis  Hamilton ,GBR,McLaren Mercedes,240.0,2010,HAM
299,5,Jenson  Button ,GBR,McLaren Mercedes,214.0,2010,BUT
306,6,Felipe  Massa ,BRA,Ferrari,144.0,2010,MAS
330,7,Nico  Rosberg ,GER,Mercedes,142.0,2010,ROS
329,8,Robert  Kubica ,POL,Renault,136.0,2010,KUB
263,9,Michael  Schumacher ,GER,Mercedes,72.0,2010,MSC
273,10,Rubens  Barrichello ,BRA,Williams Cosworth,47.0,2010,BAR
338,11,Adrian  Sutil ,GER,Force India Mercedes,47.0,2010,SUT
343,12,Kamui  Kobayashi ,JPN,Sauber Ferrari,32.0,2010,KOB
347,13,Vitaly  Petrov ,RUS,Renault,27.0,2010,PET
348,14,Nico  Hulkenberg ,GER,Williams Cosworth,22.0,2010,HUL
327,15,Vitantonio  Liuzzi ,ITA,Force India Mercedes,21.0,2010,LIU
342,16,Sebastien  Buemi ,SUI,STR Ferrari,8.0,2010,BUE
297,17,Pedro  de la Rosa ,ESP,Sauber Ferrari,6.0,2010,DLR
302,18,Nick  Heidfeld ,GER,Sauber Ferrari,6.0,2010,HEI
345,19,Jaime  Alguersuari ,ESP,STR Ferrari,5.0,2010,ALG
336,20,Heikki  Kovalainen ,FIN,Lotus Cosworth,0.0,2010,KOV
291,21,Jarno  Trulli ,ITA,Lotus Cosworth,0.0,2010,TRU
349,22,Karun  Chandhok ,IND,HRT Cosworth,0.0,2010,CHD
350,23,Bruno  Senna ,BRA,HRT Cosworth,0.0,2010,SEN
351,24,Lucas  di Grassi ,BRA,Virgin Cosworth,0.0,2010,DIG
320,25,Timo  Glock ,GER,Virgin Cosworth,0.0,2010,GLO
333,26,Sakon  Yamamoto ,JPN,HRT Cosworth,0.0,2010,YAM
319,27,Christian  Klien ,AUT,HRT Cosworth,0.0,2010,KLI
337,1,Sebastian  Vettel ,GER,Red Bull Racing Renault,392.0,2011,VET
299,2,Jenson  Button ,GBR,McLaren Mercedes,270.0,2011,BUT
308,3,Mark  Webber ,AUS,Red Bull Racing Renault,258.0,2011,WEB
312,4,Fernando  Alonso ,ESP,Ferrari,257.0,2011,ALO
335,5,Lewis  Hamilton ,GBR,McLaren Mercedes,227.0,2011,HAM
306,6,Felipe  Massa ,BRA,Ferrari,118.0,2011,MAS
330,7,Nico  Rosberg ,GER,Mercedes,89.0,2011,ROS
263,8,Michael  Schumacher ,GER,Mercedes,76.0,2011,MSC
338,9,Adrian  Sutil ,GER,Force India Mercedes,42.0,2011,SUT
347,10,Vitaly  Petrov ,RUS,Renault,37.0,2011,PET
302,11,Nick  Heidfeld ,GER,Renault,34.0,2011,HEI
343,12,Kamui  Kobayashi ,JPN,Sauber Ferrari,30.0,2011,KOB
352,13,Paul  di Resta ,GBR,Force India Mercedes,27.0,2011,DIR
345,14,Jaime  Alguersuari ,ESP,STR Ferrari,26.0,2011,ALG
342,15,Sebastien  Buemi ,SUI,STR Ferrari,15.0,2011,BUE
353,16,Sergio  Perez ,MEX,Sauber Ferrari,14.0,2011,PER
273,17,Rubens  Barrichello ,BRA,Williams Cosworth,4.0,2011,BAR
350,18,Bruno  Senna ,BRA,Renault,2.0,2011,SEN
354,19,Pastor  Maldonado ,VEN,Williams Cosworth,1.0,2011,MAL
297,20,Pedro  de la Rosa ,ESP,Sauber Ferrari,0.0,2011,DLR
291,21,Jarno  Trulli ,ITA,Lotus Renault,0.0,2011,TRU
336,22,Heikki  Kovalainen ,FIN,Lotus Renault,0.0,2011,KOV
327,23,Vitantonio  Liuzzi ,ITA,HRT Cosworth,0.0,2011,LIU
355,24,Jerome  d'Ambrosio ,BEL,Virgin Cosworth,0.0,2011,DAM
320,25,Timo  Glock ,GER,Virgin Cosworth,0.0,2011,GLO
324,26,Narain  Karthikeyan ,IND,HRT Cosworth,0.0,2011,KAR
356,27,Daniel  Ricciardo ,AUS,HRT Cosworth,0.0,2011,RIC
349,28,Karun  Chandhok ,IND,Lotus Renault,0.0,2011,CHD
337,1,Sebastian  Vettel ,GER,Red Bull Racing Renault,281.0,2012,VET
312,2,Fernando  Alonso ,ESP,Ferrari,278.0,2012,ALO
305,3,Kimi Raikkonen,FIN,Lotus Renault,207.0,2012,RAI
335,4,Lewis  Hamilton ,GBR,McLaren Mercedes,190.0,2012,HAM
299,5,Jenson  Button ,GBR,McLaren Mercedes,188.0,2012,BUT
308,6,Mark  Webber ,AUS,Red Bull Racing Renault,179.0,2012,WEB
306,7,Felipe  Massa ,BRA,Ferrari,122.0,2012,MAS
344,8,Romain  Grosjean ,FRA,Lotus Renault,96.0,2012,GRO
330,9,Nico  Rosberg ,GER,Mercedes,93.0,2012,ROS
353,10,Sergio  Perez ,MEX,Sauber Ferrari,66.0,2012,PER
348,11,Nico  Hulkenberg ,GER,Force India Mercedes,63.0,2012,HUL
343,12,Kamui  Kobayashi ,JPN,Sauber Ferrari,60.0,2012,KOB
263,13,Michael  Schumacher ,GER,Mercedes,49.0,2012,MSC
352,14,Paul  di Resta ,GBR,Force India Mercedes,46.0,2012,DIR
354,15,Pastor  Maldonado ,VEN,Williams Renault,45.0,2012,MAL
350,16,Bruno  Senna ,BRA,Williams Renault,31.0,2012,SEN
357,17,Jean-Eric  Vergne ,FRA,STR Ferrari,16.0,2012,VER
356,18,Daniel  Ricciardo ,AUS,STR Ferrari,10.0,2012,RIC
347,19,Vitaly  Petrov ,RUS,Caterham Renault,0.0,2012,PET
320,20,Timo  Glock ,GER,Marussia Cosworth,0.0,2012,GLO
358,21,Charles  Pic ,FRA,Marussia Cosworth,0.0,2012,PIC
336,22,Heikki  Kovalainen ,FIN,Caterham Renault,0.0,2012,KOV
355,23,Jerome  d'Ambrosio ,BEL,Lotus Renault,0.0,2012,DAM
324,24,Narain  Karthikeyan ,IND,HRT Cosworth,0.0,2012,KAR
297,25,Pedro  de la Rosa ,ESP,HRT Cosworth,0.0,2012,DLR
337,1,Sebastian  Vettel ,GER,Red Bull Racing Renault,397.0,2013,VET
312,2,Fernando  Alonso ,ESP,Ferrari,242.0,2013,ALO
308,3,Mark  Webber ,AUS,Red Bull Racing Renault,199.0,2013,WEB
335,4,Lewis  Hamilton ,GBR,Mercedes,189.0,2013,HAM
305,5,Kimi Raikkonen,FIN,Lotus Renault,183.0,2013,RAI
330,6,Nico  Rosberg ,GER,Mercedes,171.0,2013,ROS
344,7,Romain  Grosjean ,FRA,Lotus Renault,132.0,2013,GRO
306,8,Felipe  Massa ,BRA,Ferrari,112.0,2013,MAS
299,9,Jenson  Button ,GBR,McLaren Mercedes,73.0,2013,BUT
348,10,Nico  Hulkenberg ,GER,Sauber Ferrari,51.0,2013,HUL
353,11,Sergio  Perez ,MEX,McLaren Mercedes,49.0,2013,PER
352,12,Paul  di Resta ,GBR,Force India Mercedes,48.0,2013,DIR
338,13,Adrian  Sutil ,GER,Force India Mercedes,29.0,2013,SUT
356,14,Daniel  Ricciardo ,AUS,STR Ferrari,20.0,2013,RIC
357,15,Jean-Eric  Vergne ,FRA,STR Ferrari,13.0,2013,VER
359,16,Esteban  Gutierrez,MEX,Sauber Ferrari,6.0,2013,GUT
360,17,Valtteri Bottas ,FIN,Williams Renault,4.0,2013,BOT
354,18,Pastor  Maldonado ,VEN,Williams Renault,1.0,2013,MAL
361,19,Jules  Bianchi ,FRA,Marussia Cosworth,0.0,2013,BIA
358,20,Charles  Pic ,FRA,Caterham Renault,0.0,2013,PIC
336,21,Heikki  Kovalainen ,FIN,Lotus Renault,0.0,2013,KOV
362,22,Giedo  van der Garde ,NED,Caterham Renault,0.0,2013,VDG
363,23,Max  Chilton ,GBR,Marussia Cosworth,0.0,2013,CHI
335,1,Lewis  Hamilton ,GBR,Mercedes,384.0,2014,HAM
330,2,Nico  Rosberg ,GER,Mercedes,317.0,2014,ROS
356,3,Daniel  Ricciardo ,AUS,Red Bull Racing Renault,238.0,2014,RIC
360,4,Valtteri Bottas ,FIN,Williams Mercedes,186.0,2014,BOT
337,5,Sebastian  Vettel ,GER,Red Bull Racing Renault,167.0,2014,VET
312,6,Fernando  Alonso ,ESP,Ferrari,161.0,2014,ALO
306,7,Felipe  Massa ,BRA,Williams Mercedes,134.0,2014,MAS
299,8,Jenson  Button ,GBR,McLaren Mercedes,126.0,2014,BUT
348,9,Nico  Hulkenberg ,GER,Force India Mercedes,96.0,2014,HUL
353,10,Sergio  Perez ,MEX,Force India Mercedes,59.0,2014,PER
364,11,Kevin  Magnussen ,DEN,McLaren Mercedes,55.0,2014,MAG
305,12,Kimi Raikkonen,FIN,Ferrari,55.0,2014,RAI
357,13,Jean-Eric  Vergne ,FRA,STR Renault,22.0,2014,VER
344,14,Romain  Grosjean ,FRA,Lotus Renault,8.0,2014,GRO
365,15,Daniil  Kvyat ,RUS,STR Renault,8.0,2014,KVY
354,16,Pastor  Maldonado ,VEN,Lotus Renault,2.0,2014,MAL
361,17,Jules  Bianchi ,FRA,Marussia Ferrari,2.0,2014,BIA
338,18,Adrian  Sutil ,GER,Sauber Ferrari,0.0,2014,SUT
366,19,Marcus  Ericsson ,SWE,Caterham Renault,0.0,2014,ERI
359,20,Esteban  Gutierrez,MEX,Sauber Ferrari,0.0,2014,GUT
363,21,Max  Chilton ,GBR,Marussia Ferrari,0.0,2014,CHI
343,22,Kamui  Kobayashi ,JPN,Caterham Renault,0.0,2014,KOB
367,23,Will  Stevens ,GBR,Caterham Renault,0.0,2014,STE
335,1,Lewis  Hamilton ,GBR,Mercedes,381.0,2015,HAM
330,2,Nico  Rosberg ,GER,Mercedes,322.0,2015,ROS
337,3,Sebastian  Vettel ,GER,Ferrari,278.0,2015,VET
305,4,Kimi Raikkonen,FIN,Ferrari,150.0,2015,RAI
360,5,Valtteri Bottas ,FIN,Williams Mercedes,136.0,2015,BOT
306,6,Felipe  Massa ,BRA,Williams Mercedes,121.0,2015,MAS
365,7,Daniil  Kvyat ,RUS,Red Bull Racing Renault,95.0,2015,KVY
356,8,Daniel  Ricciardo ,AUS,Red Bull Racing Renault,92.0,2015,RIC
353,9,Sergio  Perez ,MEX,Force India Mercedes,78.0,2015,PER
348,10,Nico  Hulkenberg ,GER,Force India Mercedes,58.0,2015,HUL
344,11,Romain  Grosjean ,FRA,Lotus Mercedes,51.0,2015,GRO
368,12,Max  Verstappen ,NED,STR Renault,49.0,2015,VES
369,13,Felipe  Nasr ,BRA,Sauber Ferrari,27.0,2015,NAS
354,14,Pastor  Maldonado ,VEN,Lotus Mercedes,27.0,2015,MAL
370,15,Carlos  Sainz ,ESP,STR Renault,18.0,2015,SAI
299,16,Jenson  Button ,GBR,McLaren Honda,16.0,2015,BUT
312,17,Fernando  Alonso ,ESP,McLaren Honda,11.0,2015,ALO
366,18,Marcus  Ericsson ,SWE,Sauber Ferrari,9.0,2015,ERI
371,19,Roberto  Merhi ,ESP,Marussia Ferrari,0.0,2015,MER
372,20,Alexander  Rossi ,USA,Marussia Ferrari,0.0,2015,RSI
367,21,Will  Stevens ,GBR,Marussia Ferrari,0.0,2015,STE
330,1,Nico  Rosberg ,GER,Mercedes,385.0,2016,ROS
335,2,Lewis  Hamilton ,GBR,Mercedes,380.0,2016,HAM
356,3,Daniel  Ricciardo ,AUS,Red Bull Racing TAG Heuer,256.0,2016,RIC
337,4,Sebastian  Vettel ,GER,Ferrari,212.0,2016,VET
368,5,Max  Verstappen ,NED,Red Bull Racing TAG Heuer,204.0,2016,VES
305,6,Kimi Raikkonen,FIN,Ferrari,186.0,2016,RAI
353,7,Sergio  Perez ,MEX,Force India Mercedes,101.0,2016,PER
360,8,Valtteri Bottas ,FIN,Williams Mercedes,85.0,2016,BOT
348,9,Nico  Hulkenberg ,GER,Force India Mercedes,72.0,2016,HUL
312,10,Fernando  Alonso ,ESP,McLaren Honda,54.0,2016,ALO
306,11,Felipe  Massa ,BRA,Williams Mercedes,53.0,2016,MAS
370,12,Carlos  Sainz ,ESP,Toro Rosso Ferrari,46.0,2016,SAI
344,13,Romain  Grosjean ,FRA,Haas Ferrari,29.0,2016,GRO
365,14,Daniil  Kvyat ,RUS,Toro Rosso Ferrari,25.0,2016,KVY
299,15,Jenson  Button ,GBR,McLaren Honda,21.0,2016,BUT
364,16,Kevin  Magnussen ,DEN,Renault,7.0,2016,MAG
369,17,Felipe  Nasr ,BRA,Sauber Ferrari,2.0,2016,NAS
373,18,Jolyon  Palmer ,GBR,Renault,1.0,2016,PAL
374,19,Pascal  Wehrlein ,GER,MRT Mercedes,1.0,2016,WEH
375,20,Stoffel  Vandoorne ,BEL,McLaren Honda,1.0,2016,VAN
359,21,Esteban  Gutierrez,MEX,Haas Ferrari,0.0,2016,GUT
366,22,Marcus  Ericsson ,SWE,Sauber Ferrari,0.0,2016,ERI
376,23,Esteban  Ocon ,FRA,MRT Mercedes,0.0,2016,OCO
377,24,Rio  Haryanto ,INA,MRT Mercedes,0.0,2016,HAR
335,1,Lewis  Hamilton ,GBR,Mercedes,363.0,2017,HAM
337,2,Sebastian  Vettel ,GER,Ferrari,317.0,2017,VET
360,3,Valtteri Bottas ,FIN,Mercedes,305.0,2017,BOT
305,4,Kimi Raikkonen,FIN,Ferrari,205.0,2017,RAI
356,5,Daniel  Ricciardo ,AUS,Red Bull Racing TAG Heuer,200.0,2017,RIC
368,6,Max  Verstappen ,NED,Red Bull Racing TAG Heuer,168.0,2017,VER
353,7,Sergio  Perez ,MEX,Force India Mercedes,100.0,2017,PER
376,8,Esteban  Ocon ,FRA,Force India Mercedes,87.0,2017,OCO
370,9,Carlos  Sainz ,ESP,Renault,54.0,2017,SAI
348,10,Nico  Hulkenberg ,GER,Renault,43.0,2017,HUL
306,11,Felipe  Massa ,BRA,Williams Mercedes,43.0,2017,MAS
378,12,Lance  Stroll ,CAN,Williams Mercedes,40.0,2017,STR
344,13,Romain  Grosjean ,FRA,Haas Ferrari,28.0,2017,GRO
364,14,Kevin  Magnussen ,DEN,Haas Ferrari,19.0,2017,MAG
312,15,Fernando  Alonso ,ESP,McLaren Honda,17.0,2017,ALO
375,16,Stoffel  Vandoorne ,BEL,McLaren Honda,13.0,2017,VAN
373,17,Jolyon  Palmer ,GBR,Renault,8.0,2017,PAL
374,18,Pascal  Wehrlein ,GER,Sauber Ferrari,5.0,2017,WEH
365,19,Daniil  Kvyat ,RUS,Toro Rosso,5.0,2017,KVY
366,20,Marcus  Ericsson ,SWE,Sauber Ferrari,0.0,2017,ERI
379,21,Pierre  Gasly ,FRA,Toro Rosso,0.0,2017,GAS
380,22,Antonio  Giovinazzi ,ITA,Sauber Ferrari,0.0,2017,GIO
381,23,Brendon  Hartley ,NZL,Toro Rosso,0.0,2017,HAR
335,1,Lewis  Hamilton ,GBR,Mercedes,408.0,2018,HAM
337,2,Sebastian  Vettel ,GER,Ferrari,320.0,2018,VET
305,3,Kimi Raikkonen,FIN,Ferrari,251.0,2018,RAI
368,4,Max  Verstappen ,NED,Red Bull Racing TAG Heuer,249.0,2018,VER
382,5,Valtteri  Bottas ,FIN,Mercedes,247.0,2018,BOT
356,6,Daniel  Ricciardo ,AUS,Red Bull Racing TAG Heuer,170.0,2018,RIC
348,7,Nico  Hulkenberg ,GER,Renault,69.0,2018,HUL
353,8,Sergio  Perez ,MEX,Force India Mercedes,62.0,2018,PER
364,9,Kevin  Magnussen ,DEN,Haas Ferrari,56.0,2018,MAG
370,10,Carlos  Sainz ,ESP,Renault,53.0,2018,SAI
312,11,Fernando  Alonso ,ESP,McLaren Renault,50.0,2018,ALO
376,12,Esteban  Ocon ,FRA,Force India Mercedes,49.0,2018,OCO
383,13,Charles  Leclerc ,MON,Sauber Ferrari,39.0,2018,LEC
344,14,Romain  Grosjean ,FRA,Haas Ferrari,37.0,2018,GRO
379,15,Pierre  Gasly ,FRA,Scuderia Toro Rosso Honda,29.0,2018,GAS
375,16,Stoffel  Vandoorne ,BEL,McLaren Renault,12.0,2018,VAN
366,17,Marcus  Ericsson ,SWE,Sauber Ferrari,9.0,2018,ERI
378,18,Lance  Stroll ,CAN,Williams Mercedes,6.0,2018,STR
381,19,Brendon  Hartley ,NZL,Scuderia Toro Rosso Honda,4.0,2018,HAR
384,20,Sergey  Sirotkin ,RUS,Williams Mercedes,1.0,2018,SIR
335,1,Lewis  Hamilton ,GBR,Mercedes,413.0,2019,HAM
382,2,Valtteri  Bottas ,FIN,Mercedes,326.0,2019,BOT
368,3,Max  Verstappen ,NED,Red Bull Racing Honda,278.0,2019,VER
383,4,Charles  Leclerc ,MON,Ferrari,264.0,2019,LEC
337,5,Sebastian  Vettel ,GER,Ferrari,240.0,2019,VET
370,6,Carlos  Sainz ,ESP,McLaren Renault,96.0,2019,SAI
379,7,Pierre  Gasly ,FRA,Scuderia Toro Rosso Honda,95.0,2019,GAS
385,8,Alexander  Albon ,THA,Red Bull Racing Honda,92.0,2019,ALB
356,9,Daniel  Ricciardo ,AUS,Renault,54.0,2019,RIC
353,10,Sergio  Perez ,MEX,Racing Point BWT Mercedes,52.0,2019,PER
386,11,Lando  Norris ,GBR,McLaren Renault,49.0,2019,NOR
305,12,Kimi Raikkonen,FIN,Alfa Romeo Racing Ferrari,43.0,2019,RAI
365,13,Daniil  Kvyat ,RUS,Scuderia Toro Rosso Honda,37.0,2019,KVY
348,14,Nico  Hulkenberg ,GER,Renault,37.0,2019,HUL
378,15,Lance  Stroll ,CAN,Racing Point BWT Mercedes,21.0,2019,STR
364,16,Kevin  Magnussen ,DEN,Haas Ferrari,20.0,2019,MAG
380,17,Antonio  Giovinazzi ,ITA,Alfa Romeo Racing Ferrari,14.0,2019,GIO
344,18,Romain  Grosjean ,FRA,Haas Ferrari,8.0,2019,GRO
329,19,Robert  Kubica ,POL,Williams Mercedes,1.0,2019,KUB
387,20,George  Russell ,GBR,Williams Mercedes,0.0,2019,RUS
335,1,Lewis  Hamilton ,GBR,Mercedes,347.0,2020,HAM
382,2,Valtteri  Bottas ,FIN,Mercedes,223.0,2020,BOT
368,3,Max  Verstappen ,NED,Red Bull Racing Honda,214.0,2020,VER
353,4,Sergio  Perez ,MEX,Racing Point BWT Mercedes,125.0,2020,PER
356,5,Daniel  Ricciardo ,AUS,Renault,119.0,2020,RIC
370,6,Carlos  Sainz ,ESP,McLaren Renault,105.0,2020,SAI
385,7,Alexander  Albon ,THA,Red Bull Racing Honda,105.0,2020,ALB
383,8,Charles  Leclerc ,MON,Ferrari,98.0,2020,LEC
386,9,Lando  Norris ,GBR,McLaren Renault,97.0,2020,NOR
379,10,Pierre  Gasly ,FRA,AlphaTauri Honda,75.0,2020,GAS
378,11,Lance  Stroll ,CAN,Racing Point BWT Mercedes,75.0,2020,STR
376,12,Esteban  Ocon ,FRA,Renault,62.0,2020,OCO
337,13,Sebastian  Vettel ,GER,Ferrari,33.0,2020,VET
365,14,Daniil  Kvyat ,RUS,AlphaTauri Honda,32.0,2020,KVY
348,15,Nico  Hulkenberg ,GER,Racing Point BWT Mercedes,10.0,2020,HUL
305,16,Kimi Raikkonen,FIN,Alfa Romeo Racing Ferrari,4.0,2020,RAI
380,17,Antonio  Giovinazzi ,ITA,Alfa Romeo Racing Ferrari,4.0,2020,GIO
387,18,George  Russell ,GBR,Williams Mercedes,3.0,2020,RUS
344,19,Romain  Grosjean ,FRA,Haas Ferrari,2.0,2020,GRO
364,20,Kevin  Magnussen ,DEN,Haas Ferrari,1.0,2020,MAG
388,21,Nicholas  Latifi ,CAN,Williams Mercedes,0.0,2020,LAT
389,22,Jack  Aitken ,GBR,Williams Mercedes,0.0,2020,AIT
390,23,Pietro  Fittipaldi ,BRA,Haas Ferrari,0.0,2020,FIT
368,1,Max  Verstappen ,NED,Red Bull Racing Honda,395.5,2021,VER
335,2,Lewis  Hamilton ,GBR,Mercedes,387.5,2021,HAM
382,3,Valtteri  Bottas ,FIN,Mercedes,226.0,2021,BOT
353,4,Sergio  Perez ,MEX,Red Bull Racing Honda,190.0,2021,PER
370,5,Carlos  Sainz ,ESP,Ferrari,164.5,2021,SAI
386,6,Lando  Norris ,GBR,McLaren Mercedes,160.0,2021,NOR
383,7,Charles  Leclerc ,MON,Ferrari,159.0,2021,LEC
356,8,Daniel  Ricciardo ,AUS,McLaren Mercedes,115.0,2021,RIC
379,9,Pierre  Gasly ,FRA,AlphaTauri Honda,110.0,2021,GAS
312,10,Fernando  Alonso ,ESP,Alpine Renault,81.0,2021,ALO
376,11,Esteban  Ocon ,FRA,Alpine Renault,74.0,2021,OCO
337,12,Sebastian  Vettel ,GER,Aston Martin Mercedes,43.0,2021,VET
378,13,Lance  Stroll ,CAN,Aston Martin Mercedes,34.0,2021,STR
391,14,Yuki  Tsunoda ,JPN,AlphaTauri Honda,32.0,2021,TSU
387,15,George  Russell ,GBR,Williams Mercedes,16.0,2021,RUS
305,16,Kimi Raikkonen,FIN,Alfa Romeo Racing Ferrari,10.0,2021,RAI
388,17,Nicholas  Latifi ,CAN,Williams Mercedes,7.0,2021,LAT
380,18,Antonio  Giovinazzi ,ITA,Alfa Romeo Racing Ferrari,3.0,2021,GIO
392,19,Mick  Schumacher ,GER,Haas Ferrari,0.0,2021,MSC
329,20,Robert  Kubica ,POL,Alfa Romeo Racing Ferrari,0.0,2021,KUB
393,21,Nikita  Mazepin ,RAF,Haas Ferrari,0.0,2021,MAZ
368,1,Max  Verstappen ,NED,Red Bull Racing RBPT,454.0,2022,VER
383,2,Charles  Leclerc ,MON,Ferrari,308.0,2022,LEC
353,3,Sergio  Perez ,MEX,Red Bull Racing RBPT,305.0,2022,PER
387,4,George  Russell ,GBR,Mercedes,275.0,2022,RUS
370,5,Carlos  Sainz ,ESP,Ferrari,246.0,2022,SAI
335,6,Lewis  Hamilton ,GBR,Mercedes,240.0,2022,HAM
386,7,Lando  Norris ,GBR,McLaren Mercedes,122.0,2022,NOR
376,8,Esteban  Ocon ,FRA,Alpine Renault,92.0,2022,OCO
312,9,Fernando  Alonso ,ESP,Alpine Renault,81.0,2022,ALO
382,10,Valtteri  Bottas ,FIN,Alfa Romeo Ferrari,49.0,2022,BOT
356,11,Daniel  Ricciardo ,AUS,McLaren Mercedes,37.0,2022,RIC
337,12,Sebastian  Vettel ,GER,Aston Martin Aramco Mercedes,37.0,2022,VET
364,13,Kevin  Magnussen ,DEN,Haas Ferrari,25.0,2022,MAG
379,14,Pierre  Gasly ,FRA,AlphaTauri RBPT,23.0,2022,GAS
378,15,Lance  Stroll ,CAN,Aston Martin Aramco Mercedes,18.0,2022,STR
392,16,Mick  Schumacher ,GER,Haas Ferrari,12.0,2022,MSC
391,17,Yuki  Tsunoda ,JPN,AlphaTauri RBPT,12.0,2022,TSU
394,18,Zhou  Guanyu ,CHN,Alfa Romeo Ferrari,6.0,2022,ZHO
385,19,Alexander  Albon ,THA,Williams Mercedes,4.0,2022,ALB
388,20,Nicholas  Latifi ,CAN,Williams Mercedes,2.0,2022,LAT
395,21,Nyck  De Vries ,NED,Williams Mercedes,2.0,2022,DEV
348,22,Nico  Hulkenberg ,GER,Aston Martin Aramco Mercedes,0.0,2022,HUL
368,1,Max  Verstappen ,NED,Red Bull Racing Honda RBPT,575.0,2023,VER
353,2,Sergio  Perez ,MEX,Red Bull Racing Honda RBPT,285.0,2023,PER
335,3,Lewis  Hamilton ,GBR,Mercedes,234.0,2023,HAM
312,4,Fernando  Alonso ,ESP,Aston Martin Aramco Mercedes,206.0,2023,ALO
383,5,Charles  Leclerc ,MON,Ferrari,206.0,2023,LEC
386,6,Lando  Norris ,GBR,McLaren Mercedes,205.0,2023,NOR
370,7,Carlos  Sainz ,ESP,Ferrari,200.0,2023,SAI
387,8,George  Russell ,GBR,Mercedes,175.0,2023,RUS
396,9,Oscar  Piastri ,AUS,McLaren Mercedes,97.0,2023,PIA
378,10,Lance  Stroll ,CAN,Aston Martin Aramco Mercedes,74.0,2023,STR
379,11,Pierre  Gasly ,FRA,Alpine Renault,62.0,2023,GAS
376,12,Esteban  Ocon ,FRA,Alpine Renault,58.0,2023,OCO
385,13,Alexander  Albon ,THA,Williams Mercedes,27.0,2023,ALB
391,14,Yuki  Tsunoda ,JPN,AlphaTauri Honda RBPT,17.0,2023,TSU
382,15,Valtteri  Bottas ,FIN,Alfa Romeo Ferrari,10.0,2023,BOT
348,16,Nico  Hulkenberg ,GER,Haas Ferrari,9.0,2023,HUL
356,17,Daniel  Ricciardo ,AUS,AlphaTauri Honda RBPT,6.0,2023,RIC
394,18,Zhou  Guanyu ,CHN,Alfa Romeo Ferrari,6.0,2023,ZHO
364,19,Kevin  Magnussen ,DEN,Haas Ferrari,3.0,2023,MAG
397,20,Liam  Lawson ,NZL,AlphaTauri Honda RBPT,2.0,2023,LAW
398,21,Logan  Sargeant ,USA,Williams Mercedes,1.0,2023,SAR
395,22,Nyck  De Vries ,NED,AlphaTauri Honda RBPT,0.0,2023,DEV
368,1,Max  Verstappen ,NED,Red Bull Racing Honda RBPT,169.0,2024,VER
383,2,Charles  Leclerc ,MON,Ferrari,138.0,2024,LEC
386,3,Lando  Norris ,GBR,McLaren Mercedes,113.0,2024,NOR
370,4,Carlos  Sainz ,ESP,Ferrari,108.0,2024,SAI
353,5,Sergio  Perez ,MEX,Red Bull Racing Honda RBPT,107.0,2024,PER
396,6,Oscar  Piastri ,AUS,McLaren Mercedes,71.0,2024,PIA
387,7,George  Russell ,GBR,Mercedes,54.0,2024,RUS
335,8,Lewis  Hamilton ,GBR,Mercedes,42.0,2024,HAM
312,9,Fernando  Alonso ,ESP,Aston Martin Aramco Mercedes,33.0,2024,ALO
391,10,Yuki  Tsunoda ,JPN,RB Honda RBPT,19.0,2024,TSU
378,11,Lance  Stroll ,CAN,Aston Martin Aramco Mercedes,11.0,2024,STR
399,12,Oliver  Bearman ,GBR,Ferrari,6.0,2024,BEA
348,13,Nico  Hulkenberg ,GER,Haas Ferrari,6.0,2024,HUL
356,14,Daniel  Ricciardo ,AUS,RB Honda RBPT,5.0,2024,RIC
385,15,Alexander  Albon ,THA,Williams Mercedes,2.0,2024,ALB
376,16,Esteban  Ocon ,FRA,Alpine Renault,1.0,2024,OCO
364,17,Kevin  Magnussen ,DEN,Haas Ferrari,1.0,2024,MAG
379,18,Pierre  Gasly ,FRA,Alpine Renault,1.0,2024,GAS
394,19,Zhou  Guanyu ,CHN,Kick Sauber Ferrari,0.0,2024,ZHO
382,20,Valtteri  Bottas ,FIN,Kick Sauber Ferrari,0.0,2024,BOT
398,21,Logan  Sargeant ,USA,Williams Mercedes,0.0,2024,SAR
